id,company_name,company_domain,logo_key,logo_source_url,logo_status
818c0f58-78f5-4f31-b877-c26ff4f80ea2,21 Marvell Asia Pte. Ltd.,marvell.com,logos/21-marvell-asia-pte-ltd-3b97f934.png,https://www.marvell.com/etc.clientlibs/marvell-com/clientlibs/clientlib-site/resources/icon-192x192.png,found
cd2fb42f-1583-425f-ac76-a410e81f0391,34 Columbia Gas of Ohio Inc,nisource.com,logos/34-columbia-gas-of-ohio-inc-32ee674c.png,https://www.columbiagasohio.com/columbiagas.ico,found
2c50058d-3b30-42a1-8765-a0fc3be3a259,38 Columbia Gas of Virginia Inc,nisource.com,logos/38-columbia-gas-of-virginia-inc-32ee674c.png,https://www.columbiagasva.com/columbiagas.ico,found
46606ff3-2ada-47df-b8af-48608cded3bc,"60 Insperity Services, L.P.",insperity.com,logos/60-insperity-services-l-p-750ccb81.png,"https://t2.gstatic.com/faviconV2?client=SOCIAL&type=FAVICON&fallback_opts=TYPE,SIZE,URL&url=http://insperity.com&size=256",found
9f9dc031-59d1-46e7-8528-d7531f3ada40,"65 Insperity Support Services, L.P.",insperity.com,logos/65-insperity-support-services-l-p-750ccb81.png,"https://t2.gstatic.com/faviconV2?client=SOCIAL&type=FAVICON&fallback_opts=TYPE,SIZE,URL&url=http://insperity.com&size=256",found
656b8f24-52bd-4bd5-b3a7-59ea4001bee2,A01 Nationwide Mutual Insurance Co.,nationwide.com,logos/a01-nationwide-mutual-insurance-co-ea9a7355.png,https://media.nationwide.com/bolt/versions/7.6.0/bolt-logo-nw-horizontal-full.svg,found
4eb00ce0-7c59-419e-8acf-8658a9e0bf2c,"Access Education Services, LLC",wgu.org,logos/access-education-services-llc-0afac001.png,"https://t2.gstatic.com/faviconV2?client=SOCIAL&type=FAVICON&fallback_opts=TYPE,SIZE,URL&url=http://wgu.edu&size=256",found
4347c525-6338-4688-a0d5-5c0113b59f2c,AFP Cuprum,principal.com,logos/afp-cuprum-9bd80ceb.png,https://www.principal.com/modules/custom/pfg_core/assets/principal_full_bynder.png,found
417640a7-3c8e-4e28-b7dc-5fce5ac9ae5d,Allstate Insurance Company of Canada - Permanent,allstateinvestors.com,,"allstateinvestors.com does not resolve; allstate.ca/allstate.com icons too small or favicon upscaled from 48px was a cropped letter, rejected",not_found
4e3d0345-de5c-4bc4-845e-e9769b8c06ca,Almaviva website,almavivadebelgique.be,,almavivadebelgique.be redirects to almaviva.it; only a blurry low-res favicon was available,not_found
d5300302-f419-4a41-b101-5f9a135232b5,American Honda Motor Company,honda.com,,"honda.com blocks fetch/render; Google favicon is a wide wordmark, no square icon found",not_found
327f2447-a70e-4f91-899a-099691a1ff66,"AMERILIFE US, LLC",amerilife.com,logos/amerilife-us-llc-c9e6d854.png,https://amerilife.com/apple-icon.png?apple-icon.5189ac28.png,found
cadd9569-5ed2-46a0-8627-97ff3e8c0a4d,Appalachian Power Company,appalachianpower.com,,"favicon only 16x10, upscaled too wide; render picked a cookie-banner icon (rejected)",not_found
eabad704-a225-40ad-a951-97c3195bd113,"ARES Enterprise Services Argentina, S.R.L. *",dxc.com,,dxc.com icons are wide strips; render cropped a bare T (wrong); web search found no square icon,not_found
d6173be7-96a7-4e27-8980-7835dc7eaecb,Arthouse Hotel New York City,highgate.com,logos/arthouse-hotel-new-york-city-aafa68f0.png,https://www.highgate.com/app/themes/highgate-corporate/dist/images/favicon/apple-touch-icon.png,found
a8a761d8-d94f-4546-bb53-534d866cb1c6,Arthur J. Gallagher and Co.,ajg.com,logos/arthur-j-gallagher-and-co-844dd25d.png,https://www.ajg.com/assetbundles/GSC.Site.Gallagher.2/img/favicon/apple-touch-icon.png,found
1cc8fe95-d400-482c-b448-024be1f4775c,Astranis,astranis.org,logos/astranis-e960d81a.png,"https://t3.gstatic.com/faviconV2?client=SOCIAL&type=FAVICON&fallback_opts=TYPE,SIZE,URL&url=http://astranis.com&size=256",found
43f105b2-cf17-4123-912c-17d551f8ab96,Attentive,attentive.com,logos/attentive-936534b5.png,https://cdn.prod.website-files.com/684306b795a2c402456e92ba/6a0b489cbf561cc597df3337_favicon.png,found
4f7767b9-2dea-47ce-a4a2-88ff40684816,Baltimore Gas and Electric Company,exeloncorp.com,,"exeloncorp.com refuses connections; bge.com favicon (32px upscaled) is a broken-looking fragment, rejected",not_found
b6c8e65f-ded1-4986-8cb0-7f830ad6d875,"Bellagio, LLC",hc-bellagio.com,,hc-bellagio.com has no favicon; render picked a TripAdvisor logo (wrong brand),not_found
5fb00db4-ae12-4c9e-b26d-f5a9a887e7f2,BGEU DXC Bulgaria EOOD,dxc.com,,dxc.com icons are wide strips; render cropped a bare T (wrong); web search found no square icon,not_found
e9d425fd-b2d8-4fdf-bbca-9b9a593689ec,"Big Heart Pet Brands, Inc.",bigheartpet.com,,bigheartpet.com refuses connections; no Google favicon,not_found
4946e85c-112c-4c70-a086-ffcbfebb3100,BlackSky,blacksky.com,logos/blacksky-92930b70.png,https://blacksky.com/wp-content/uploads/2025/01/cropped-blacksky-favicon-1-180x180.png,found
c37a3e25-5c69-456c-a85a-f285e5ac25f7,BNY,bnyphoto.com,logos/bny-cec5b1f0.png,https://www.bny.com/content/dam/bnymellon/web/favicons/favicon-152.png,found
29c67f32-43a3-4ba5-b891-1db3ac162d6d,BR50 Enterprise Services Brasil Servicos,dxc.com,,"dxc.com: favicons are 180x30 wordmarks, no apple-touch-icon, header crop gave a stray 'T' from the wordmark; no square icon found via search",not_found
af8cd689-46cf-4922-8ba7-c41468f08901,BRANDAD Group AG,brandad-systems.de,,"only icon found is a blank yellow rounded square (apple-touch-icon/google favicon), not a recognizable mark; render found only wide wordmarks",not_found
92a5452e-9ca3-479f-a55b-55597202bf42,"Burlington Coat Factory of TX, Inc.",burlington.ca,logos/burlington-coat-factory-of-tx-inc-f94f2c59.png,https://www.burlington.com/apple-icon.png?apple-icon.42q8ww2fgirae.png,found
042933f5-d3a4-473d-a27b-acffc0cb12b3,CAES DXC Technology Canada Co.,dxc.com,,"dxc.com: favicons are 180x30 wordmarks, no apple-touch-icon, header crop gave a stray 'T' from the wordmark; no square icon found via search",not_found
be65ab08-eb82-4b62-a5c0-d1b89309ea6b,"Canacre USA, LLC",canacre.com,logos/canacre-usa-llc-dedcf6e1.png,https://images.squarespace-cdn.com/content/v1/5f3bcbcd66c85c78d1206ecc/1597760954725-IHOMUWUPZCA5R2WB1S26/favicon.ico?format=100w,found
5460ef2e-d4cd-414d-925c-0e0ec7f060a1,Candu Energy Inc.,canduenergy.ca,,canduenergy.ca and candu.com unreachable; atkinsrealis.com (parent) has only a 32px/transparent favicon; search found no icon,not_found
8926e936-b932-45ab-9548-1cc6004621c6,Canyons School District,canyonsdistrict.org,logos/canyons-school-district-9f014423.png,https://www.canyonsdistrict.org/wp-content/uploads/2020/05/cropped-canyons-district-logo-icon-180x180.png,found
991be0db-177a-4e63-96f0-57a4c5cf8460,CBA NZ Holdings Limited,commbank.com.vn,logos/cba-nz-holdings-limited-dde7d3de.png,https://www.commbank.com.au/content/dam/commbank/commBank-logo.svg,found
cb337649-7ff0-47de-add0-5ccde4d7af7a,CBA Services Private Limited,commbank.com.vn,logos/cba-services-private-limited-dde7d3de.png,https://www.commbank.com.au/content/dam/commbank/commBank-logo.svg,found
f8fd0d37-060a-495d-9be6-93064e93c8e1,Cencosud Brasil,cencosud.com.br,logos/cencosud-brasil-d310032e.png,https://www.cencosud.com/favicon.ico,found
53350253-959a-456b-8fe8-aca6b946d0c8,Chai Discovery,chaidiscovery.com,logos/chai-discovery-b5583a5d.png,https://framerusercontent.com/images/GJGIRhiMoAIv0hl9KDGSIa5FCEw.png,found
edb8e236-47a5-419a-b0f3-7ede2352dca1,Chubb External,chubb.com,logos/chubb-external-bbf85e51.png,https://www.chubb.com/content/dam/aem-chubb-global/logo/favicon.ico,found
5ce3b459-a1b3-46c9-ab81-097e42fb06ba,Cimed,cimedremedios.com.br,,"Homepage icon is the WordPress default; no brand icon via fetch, render, or Google favicon",not_found
0843d829-611b-4d2b-87fa-fac838c6607e,"Clearlink Technologies, LLC",clearlink.com,logos/clearlink-technologies-llc-5eac8574.png,https://www.clearlink.com/icons/icon-512x512.png?v=18d5b9f9b3d10b161dd99c133367ab95,found
a5b93418-a623-4e78-9dd6-d785ca5e8390,CLES Enterprise Services Chile Comercial Limitada,dxc.com,,"dxc.com: favicons are wide wordmark strips, render crop gave a cut-off 'T'; no usable square icon found",not_found
db8ab951-aa50-43dc-94d2-4357e220f13a,Cleveland Metropolitan School District,clevelandmetroschools.org,,"Favicon is a wide 62x39 icon, logos are wide wordmarks, no apple-touch-icon; fetch, render, google favicon, allow-small all rejected",not_found
43d86760-e7d3-476f-9ba3-c92a7ef4fdcf,"CMP-090 Tri-State de Mexico, S. de R.L. de C.V.",lmana.com,,lmana.com timed out on fetch and render; Google favicon 404; web search found nothing,not_found
029654be-96e5-4e17-8020-6ac11217788f,"CNB1 Bokai Enterprise Services (Wuhan)Co.,Ltd 伯凯企业服务（武汉）有限公司",dxc.com,,"dxc.com: favicons are wide wordmark strips, render crop gave a cut-off 'T'; no usable square icon found",not_found
4835c041-57f2-459e-ab01-990b02ea50fd,"CNES Beijing Bokai Technology Co., Ltd.",dxc.com,,"dxc.com: favicons are wide wordmark strips, render crop gave a cut-off 'T'; no usable square icon found",not_found
b58c6285-d6c5-491c-b2f2-3fb6b824fd8a,Coda,coda.io,logos/coda-5c10e9a9.png,https://cdn.coda.io/icons/png/color/coda-512.png,found
2de53b9b-52cd-4796-8699-e7c5bf2e8fa2,CodeAI,codeai.com,,codeai.com did not resolve (DNS failure); Google favicon 404,not_found
2e8bca7e-c414-4074-b4d0-17ad009056c2,COES Enterprise Services Colombia S.A.S.,dxc.com,,"dxc.com: favicons are wide wordmark strips, render crop gave a cut-off 'T'; no usable square icon found",not_found
77861740-87f1-4c76-848d-4c923d35722d,Cognizant,cognizant.com,logos/cognizant-5f31975a.png,https://www.cognizant.com/content/dam/cognizant-dot-com/favicon/default-favicon/180x180.png,found
a4fdc00c-eee5-4b6c-b185-bc8d25e315a1,ComEd,exeloncorp.com,,"exeloncorp.com refused connections (fetch and render); Google favicon only 32px, too small to be a square icon",not_found
ca44c31d-e358-4f2e-b16f-86ed8fb2c4ff,Commonwealth Bank of Australia,commbank.com.vn,logos/commonwealth-bank-of-australia-d04a5cf8.png,https://www.commbank.com.au/etc/designs/commbank/favicon.ico,found
838450cf-17d7-4485-ba35-c93bb0aa08fc,"Commonwealth Bank of Australia, Americas",commbank.com.vn,logos/commonwealth-bank-of-australia-americas-d04a5cf8.png,https://www.commbank.com.au/etc/designs/commbank/favicon.ico,found
f048c5af-74eb-4950-a497-f5839058d64b,Concora Credit Inc.,concoracredit.com,,concoracredit.com homepage answered HTTP 425 (with and without www); Google favicon 404,not_found
040c8291-b1b7-4437-9eb5-37d4aefee723,"Corporate J. Crew Group, LLC",jcrew.com,logos/corporate-j-crew-group-llc-2c931e3f.png,https://www.jcrew.com/next-static/images/apple-touch-icon-jcrew.png,found
6124869f-5534-4bbc-bb03-43fa538b3c05,Cowboy Space Corp.,cowboyspace.com,logos/cowboy-space-corp-ef75c461.png,https://framerusercontent.com/images/sWnMj5M5KoHlX2ldG4opPYLWE4.png,found
21f30233-3702-4232-9902-4d79e143f6f7,"CRES EntServ Costa Rica, Limitada",dxc.com,,dxc.com: only wide wordmarks/16px favicons; render crop gave a bare 'T' fragment; Wikimedia logo too wide,not_found
bdf181c0-ee03-422c-b89d-da2ef760ff4f,Customer Operations,spectrum.com,,spectrum.com: homepage timed out (fetch and render); google favicon 20x30; Wikimedia 429,not_found
44205afa-0024-4c0f-bfd6-8af59914bccb,DEUNA,deuna.com,logos/deuna-fe8e2f9e.png,https://cdn.prod.website-files.com/66269d6696cb4969aa25e070/663ac650777d6c76690e337f_WEBCLIP.webp,found
c693f4d2-7a43-4971-b746-05a6540e9811,"Dick's Merch & Supply Chain, Inc",dickssportinggoods.com,,dickssportinggoods.com: site blocks fetch/render (403/reset); google favicon 16px; Wikipedia logo too wide,not_found
d01676ec-9f06-40a5-9614-0c0f050831a5,DigitalOcean,digitalocean.com,logos/digitalocean-0c982ea3.png,https://www.digitalocean.com/_do-www-marketing/a8a9a0b5/_next/static/media/apple-touch-icon.9537f22a.png,found
19d5aa78-bcae-4860-810b-6eb2db44a256,Domain Holdings Australia Pty Limited,process-pay.com,,"process-pay.com does not resolve (DNS), domain looks wrong for Domain Holdings Australia; no brand to verify",not_found
957d69d4-8417-4635-95e8-7da7403b6cb4,doTERRA,conthhato.site,logos/doterra-6afe63a1.png,https://www.doterra.com/_ui/desktop/common/images/apple-touch-icon-200x200.png,found
fd242a3f-5c34-4d75-9e02-6ef3b213928b,DXC Technology,dxc.com,,dxc.com: only wide wordmarks/16px favicons; render crop gave a bare 'T' fragment; Wikimedia logo too wide,not_found
0d62ead3-7e99-43c5-a6a4-700fbb507f23,E11EVEN Club Hotel & Residences,highgate.com,logos/e11even-club-hotel-residences-aafa68f0.png,https://www.highgate.com/app/themes/highgate-corporate/dist/images/favicon/apple-touch-icon.png,found
1a659725-e42b-4a28-a234-9a4620cddf94,Eastman,eastman.com,,eastman.com: favicon 41x48; header render returned a Facebook icon (wrong); no apple-touch-icon,not_found
73d05b0b-90ff-49fb-bbd7-f35b7d22bef6,EC Source,mastec.com,,"mastec.com (parent): 16px favicon only, header logo 293x84 wide, no square icon found",not_found
716a4b60-1112-4b5a-91a1-1b197acce094,EG45 Electronic Data Systems (Egypt) SAE,dxc.com,,dxc.com: only wide wordmarks/16px favicons; render crop gave a bare 'T' fragment; Wikimedia logo too wide,not_found
699d9a01-a649-4b7e-a458-5c5c4fea8043,EL Costa Rica S.R.L.,edwards.com,logos/el-costa-rica-s-r-l-c3134fcf.png,https://assets-us-01.kc-usercontent.com/6239a81e-8f0f-0040-a1df-b4932a10f6ae/261e0bb6-68dd-4f07-8798-cce9b0c42cc3/logo.svg?q=75&w=96&auto=format&fm=webp&lossless=true,found
a477fdfc-3936-44a9-901c-9b01a68224eb,Emergent Holdings,emergentholdingsinc.com,logos/emergent-holdings-6b8972c2.png,https://emergentholdingsinc.com/wp-content/uploads/2026/07/EH_clr_mrk.png,found
c5cfafb4-acaf-4eac-bb81-dc446096f10e,Eneba,eneba.com,logos/eneba-86d91cd2.png,https://static.eneba.games/icon_512x512.1116fbe57fb071d8348e986b108fd268.png,found
bc803016-58a8-47fb-ae19-a477833f9137,"ES87 Enterprise Solutions Outsourcing España, S.L.U.",dxc.com,,dxc.com: only wide wordmarks/16px favicons; render crop gave a bare 'T' fragment; Wikimedia logo too wide,not_found
f18e151c-e3c1-4a06-a9da-fc9362ee6c0c,"ES88 Enterprise Solutions Consultoría y Aplicaciones España, S.L.U.",dxc.com,,dxc.com: only wide wordmarks/16px favicons; render crop gave a bare 'T' fragment; Wikimedia logo too wide,not_found
d5c27076-86d6-488a-8f70-a1ce944eb0b7,Ether.fi,ether.fi,,ether.fi: homepage HTTP 429 for fetch; render found no logo; web search found no official asset,not_found
fbb254c8-e880-4f56-a675-80cfda762e39,European Dynamics,eurodyn.com,,eurodyn.com: homepage HTTP 202 for fetch; render failed on navigation; web search found no logo file,not_found
32d65f15-c03b-43ca-b46e-6678346d183e,Everfield,everfield.com,logos/everfield-95728606.png,https://everfield.com/hubfs/Everfield%20Favicon.png,found
6251f649-ec63-4326-8176-e1ef4342afad,Evolent Health International Private Limited,evolent-health.com,,evolent-health.com doesn't resolve; evolent.com has only a 16px favicon (upscale is a blank dark square) and wide header logos; search found only third-party logo aggregators,not_found
8f11421d-89a2-4b25-bd3b-8e9797c7a11d,Evolent Health LLC,evolent-health.com,,evolent-health.com doesn't resolve; evolent.com has only a 16px favicon (upscale is a blank dark square) and wide header logos; search found only third-party logo aggregators,not_found
67b58172-fada-44bd-9d58-633f63fbbc75,"Evolent Specialty Services, Inc",evolent-health.com,,evolent-health.com doesn't resolve; evolent.com has only a 16px favicon (upscale is a blank dark square) and wide header logos; search found only third-party logo aggregators,not_found
b8651f69-7a10-4dbe-a2dd-1d57d8a34395,Expedia Group,expediagroupinc.com,logos/expedia-group-ffb09c2f.png,https://www.expediagroup.com/content/experience-fragments/expediagroup/live-copies/en-us/header/master/_jcr_content/root/header/logo.coreimg.svg/1779134972973/expedia-group-logo-24.svg,found
2f5e0f8b-f87d-4908-b146-8b32cfa0f516,Fair Haven Community Health Care,fhchc.org,logos/fair-haven-community-health-care-1f3e2acf.png,https://irp.cdn-website.com/97eee729/dms3rep/multi/FHCHC-Favicon--281-29.png,found
cdb9bef9-1c66-4e6c-a3dc-dab35f08202b,First Hawaiian Bank,fhb.com,,"fhb.com: favicon only 48x24 / 128x64 (not square), no apple-touch-icon, header logo is a wide wordmark; google favicon 48x24; search found only third-party aggregators",not_found
8628ad64-84cf-4c77-a407-2e42854ed172,FIRST STUDENT MANAGEMENT LLC,firststudentmanagement.com,logos/first-student-management-llc-a5556f36.png,https://firststudentinc.com/wp-content/uploads/cropped-android-chrome-256x256-1-180x180.png,found
b3bafdfa-d7e7-4e60-99de-2606be2ce5df,Flatiron Health,flatiron.com,logos/flatiron-health-983ff990.png,rendered inline SVG on https://flatiron.com,found
cc3a7455-8ea2-48f2-8f16-4a89963d101b,"FORWARD, INC.",forwardinc.net,,"forwardinc.net doesn't resolve (DNS), forwardinc.com connection reset, google favicon 404; web search found no official logo",not_found
62ff3ab6-c0bb-4283-8d7e-bf0a0d684812,Frost Bank,frost-bank.live,logos/frost-bank-158701b3.png,https://www.frostbank.com/web-app-manifest-512x512.png,found
5430e3ca-0617-4ff3-8d49-e4855e895bad,GBA5 EntServ UK Limited,dxc.com,,"dxc.com: favicons are wide strips (180x30), rendered header crop gave a wrong 'T' fragment, no apple-touch-icon; search found only third-party aggregators",not_found
dda72c91-d537-4868-a32f-54528b8d0eb9,Generate,generatecapital.com,logos/generate-6fbf8cd5.png,https://generatecapital.com/wp-content/uploads/2026/08/cropped-favicon2-180x180.png,found
c306ce4a-31f7-43ae-87b7-cec76c8ba16d,Geneva Rock Products,clydeinc.com,logos/geneva-rock-products-8d10382c.png,https://www.clydeinc.com/wp-content/smush-webp/cropped-favicon-180x180.png.webp,found
ae000a59-2db6-456e-942a-6b11d83f9e2c,GiveCampus,givecampus.co,logos/givecampus-caa48663.png,"https://t1.gstatic.com/faviconV2?client=SOCIAL&type=FAVICON&fallback_opts=TYPE,SIZE,URL&url=http://givecampus.com&size=256",found
97649f71-53b9-4ce2-ac44-d5dac8c0a495,Glean,glean.ai,logos/glean-f31b6025.png,https://cdn.prod.website-files.com/6204d0de7d994c00ea687da6/62dad22d43c2768536fe0cae_WebclipImage.png,found
6a9080c8-5d18-4e61-952a-a6a6fd89be75,GM Financial United States,gmfinancial.com,logos/gm-financial-united-states-5be0ba99.png,https://www.gmfinancial.com/content/dam/gmf/icons/favicon.ico,found
46484f5f-448a-4242-a6c2-c76940a949f6,Golden Pet Brands,goldenpetbrands.com,logos/golden-pet-brands-49ffbe56.png,https://goldenpetbrands.com/assets/apple-touch-icon.png,found
a91dd507-a765-4394-88d3-86f7b42f2121,GovWell,govwell.com,logos/govwell-8e57154a.png,https://cdn.prod.website-files.com/697732d0a9e7ed6e5a43811f/698f56cdef10bc5513ab554a_Webclip.png,found
c448538a-1614-4175-8e18-38ecd04e72a4,Hayes Locums,hayeslocums.com,logos/hayes-locums-44de636c.png,https://www.hayeslocums.com/wp-content/uploads/2024/12/HayesLocums_300x300_Logo.png,found
d55f7fca-5c2a-400b-814d-b78fd289a65a,"HBK Engineering, LLC",hbkengineering.com,,"hbkengineering.com: favicon 32x20 only (not square), rendered result was LinkedIn's icon, google favicon 32x20",not_found
8971b5b2-e6da-4a02-b5c2-00c68a8feaa5,Hendricks Community Hospital,hendrickshospital.org,,"hendrickshospital.org doesn't resolve; real site hendrickshosp.org has only Wix default favicon, render found nothing; web search found no usable icon",not_found
8ea87c87-2945-44af-a23e-80091cd4db5c,Highgate Hotels Corporate Office - NY,highgate.com,logos/highgate-hotels-corporate-office-ny-aafa68f0.png,https://www.highgate.com/app/themes/highgate-corporate/dist/images/favicon/apple-touch-icon.png,found
9316cf13-4667-4b0d-ad0d-7d95e418907f,Hollywood Casino Morgantown,pennentertainment.com,logos/hollywood-casino-morgantown-e0b469e1.png,https://upload.wikimedia.org/wikipedia/commons/e/ec/Penn_Entertainment_logo.svg,found
c0d883e9-fc1a-4261-a583-279aafc8d3b1,HU00 DXC Technology Magyarország Kft,dxc.com,logos/hu00-dxc-technology-magyarorsz-g-kft-e5a28ace.png,https://upload.wikimedia.org/wikipedia/commons/7/73/DXC_Tech.png,found
9fcf2d3a-7816-4867-8ce2-7a82f9984fa5,Hyperbolic Labs,hyperbolic.ai,logos/hyperbolic-labs-6456c73c.png,https://www.hyperbolic.ai/favicon-light.ico,found
1217348b-76fe-4542-a8c9-ff07c7bcf7cc,I00M05 Wipro GE Healthcare Private Limited,gehealthcare.com,logos/i00m05-wipro-ge-healthcare-private-limited-1b90fad4.png,https://www.gehealthcare.com/etc.clientlibs/gehealthcare/clientlibs/clientlib-site/resources/favicons/favicon-512x512.png,found
0c4d1c7d-d945-4517-b166-ff360a8b173b,IEES Global EntServ Solutions Galway Limited,dxc.com,logos/iees-global-entserv-solutions-galway-limited-e5a28ace.png,https://upload.wikimedia.org/wikipedia/commons/7/73/DXC_Tech.png,found
b6e2796b-6c2e-44cb-9eee-18b71cbe6b24,Immersive,immersivelabs.com,logos/immersive-9d6bf72f.png,https://cdn.prod.website-files.com/6735fba9a631272fb4513263/67445c8ae1bfcd6cb4106bdc_Immersive%20Webclip.png,found
288fe384-5784-40e0-986a-55542ac46411,Impact Workforce Solutions,impactworkforcesolutions.com,logos/impact-workforce-solutions-098f936b.png,https://www.impactws.com/wp-content/uploads/2023/04/cropped-IM@2x-180x180.png,found
7e95c5ea-0971-4b5c-acc7-509df48259fb,INA7 EIT Services India P. Ltd [Formerly Hewlett Packard Global Soft India P.Ltd],dxc.com,logos/ina7-eit-services-india-p-ltd-formerly-hewlett-packard-global-soft-india-p-ltd-e5a28ace.png,https://upload.wikimedia.org/wikipedia/commons/7/73/DXC_Tech.png,found
fd26d06d-9a78-417a-903b-070fa8a67f37,INES EIT Services India P. Ltd [Formerly Hewlett Packard Global Soft India P.Ltd],dxc.com,logos/ines-eit-services-india-p-ltd-formerly-hewlett-packard-global-soft-india-p-ltd-e5a28ace.png,https://upload.wikimedia.org/wikipedia/commons/7/73/DXC_Tech.png,found
d06b7a93-4d60-446a-b342-6a2baa1c2853,INET EIT Services India P. Ltd [Formerly Hewlett Packard Global Soft India P.Ltd],dxc.com,logos/inet-eit-services-india-p-ltd-formerly-hewlett-packard-global-soft-india-p-ltd-e5a28ace.png,https://upload.wikimedia.org/wikipedia/commons/7/73/DXC_Tech.png,found
a61d81c7-6fbe-42ee-89c8-b89131ac28dc,Insurify,insurify.com,logos/insurify-7e9e5ff9.png,https://insurify.com/android-chrome-512x512.png,found
4004ec22-8ad5-4700-add6-430b7ba7602b,Intuit,intuit.com,logos/intuit-5c2df79b.png,"https://t3.gstatic.com/faviconV2?client=SOCIAL&type=FAVICON&fallback_opts=TYPE,SIZE,URL&url=http://intuit.com&size=256",found
ca7d495d-9caa-479b-b65e-98cb8e01b921,IT40 Enterprise Services Italia S.r.l.,dxc.com,logos/it40-enterprise-services-italia-s-r-l-e5a28ace.png,https://upload.wikimedia.org/wikipedia/commons/7/73/DXC_Tech.png,found
755aa977-715f-497c-a819-4e31e2d071a1,IT43 Enterprise Tech Partners Italia S.r.l.,dxc.com,logos/it43-enterprise-tech-partners-italia-s-r-l-e5a28ace.png,https://upload.wikimedia.org/wikipedia/commons/7/73/DXC_Tech.png,found
e1d7f2b9-a0fa-4450-8969-15239bbc1676,"JPES DXC Technology Japan, Ltd.",dxc.com,logos/jpes-dxc-technology-japan-ltd-e5a28ace.png,https://upload.wikimedia.org/wikipedia/commons/7/73/DXC_Tech.png,found
8560f7ca-d5b5-4fc5-beb8-dc39c958d6b2,"JRJ Investments, Inc.",desertaudi.com,,desertaudi.com refuses connections (fetch and render); web search found no logo,not_found
d7d20b65-646d-472e-a281-0755527e28ee,Juicebox,juicebox.ai,logos/juicebox-dcaac43e.png,https://framerusercontent.com/images/5F0RNyA1458EzA6e5GLvfY7hTS8.png,found
7363dab7-2a4c-4b75-b71e-431907ac83eb,Key West Collection,davidsonhospitality.com,logos/key-west-collection-35d08a58.png,https://www.davidsonhospitality.com/content/themes/base/assets/img/favicon/apple-icon-180x180.png,found
721a5fb4-2cbc-4085-8642-83c927b767fc,Ladgov Corporation,ladgov.com,logos/ladgov-corporation-479a2986.png,"https://t3.gstatic.com/faviconV2?client=SOCIAL&type=FAVICON&fallback_opts=TYPE,SIZE,URL&url=http://ladgov.com&size=256",found
a4edb866-1c04-432d-af2e-0e01a3030974,Leap,leaphealth.com,logos/leap-7254bada.png,https://www.leaphealth.com/web-app-manifest-512x512.png,found
e87c7c6c-b2db-4fa6-b4a9-9a0eb703d6ea,LINE Company Thailand,linecorp.co.kr,logos/line-company-thailand-f5d771a3.png,https://vos.line-scdn.net/landpress-content-v2-3ub8nanc40829phmlme9ov4o/1708056773171.png,found
8d8ec3c6-5f4c-4671-bce9-19cd6d72a735,LINE Pay Plus,linecorp.com,logos/line-pay-plus-f5d771a3.png,https://vos.line-scdn.net/landpress-content-v2-3ub8nanc40829phmlme9ov4o/1708056773171.png,found
36c97bbc-882e-4bc1-ab91-ec4d7279a783,LINE Plus,linecorp.com,logos/line-plus-f5d771a3.png,https://vos.line-scdn.net/landpress-content-v2-3ub8nanc40829phmlme9ov4o/1708056773171.png,found
f719f11b-4e89-4995-82b9-b3d0b63f931f,LINE Taiwan,linecorp.co.kr,logos/line-taiwan-f5d771a3.png,https://vos.line-scdn.net/landpress-content-v2-3ub8nanc40829phmlme9ov4o/1708056773171.png,found
18471aaa-c036-4137-a184-1034ecb8ff6b,LiveKit,livekit.io,logos/livekit-7ce97fcc.png,https://livekit.com/images/livekit-apple-touch.png,found
5ad615f2-d3f8-462e-ab61-d693de8a2cd2,London Hire Group,londonhireltd.com,logos/london-hire-group-073893e8.png,https://www.londonhireltd.com/custom-assets/img/london-hire-logo.png,found
c3dac724-5c85-4328-bbb8-3a628468171b,Lyka,mylyka.com,logos/lyka-44288fbf.png,https://www.d2c.lyka.com.au/_astro/logo-192x192.DM5EhQBv.png,found
d8d1f271-a20f-49b1-abaa-bea9b256f4a5,Medline,lmana.com,logos/medline-ce45eb9a.png,"https://t3.gstatic.com/faviconV2?client=SOCIAL&type=FAVICON&fallback_opts=TYPE,SIZE,URL&url=http://medline.com&size=256",found
76d0ecc4-979e-45c0-b03a-6001a827d138,Medline Assembly Slovakia,lmana.com,logos/medline-assembly-slovakia-ce45eb9a.png,"https://t3.gstatic.com/faviconV2?client=SOCIAL&type=FAVICON&fallback_opts=TYPE,SIZE,URL&url=http://medline.com&size=256",found
76188afa-9573-4416-a85b-4707f4396129,Medline Austria GmbH,lmana.com,logos/medline-austria-gmbh-ce45eb9a.png,"https://t3.gstatic.com/faviconV2?client=SOCIAL&type=FAVICON&fallback_opts=TYPE,SIZE,URL&url=http://medline.com&size=256",found
7d418f3f-b150-4e73-841d-9da72f257523,Medline Healthcare Industries Pvt. Ltd,lmana.com,logos/medline-healthcare-industries-pvt-ltd-ce45eb9a.png,"https://t3.gstatic.com/faviconV2?client=SOCIAL&type=FAVICON&fallback_opts=TYPE,SIZE,URL&url=http://medline.com&size=256",found
2b8c34e8-b952-498b-9282-f0856f55248c,Medline Industries India Pvt. Ltd.,lmana.com,logos/medline-industries-india-pvt-ltd-ce45eb9a.png,"https://t3.gstatic.com/faviconV2?client=SOCIAL&type=FAVICON&fallback_opts=TYPE,SIZE,URL&url=http://medline.com&size=256",found
89c3cb21-0687-4555-8b53-a6777c64b9b0,"Medline Industries, LP",lmana.com,logos/medline-industries-lp-ce45eb9a.png,"https://t3.gstatic.com/faviconV2?client=SOCIAL&type=FAVICON&fallback_opts=TYPE,SIZE,URL&url=http://medline.com&size=256",found
cc6488d6-99ab-4da1-9b41-28f15cf379da,Medline International Belgium BV,lmana.com,logos/medline-international-belgium-bv-ce45eb9a.png,"https://t3.gstatic.com/faviconV2?client=SOCIAL&type=FAVICON&fallback_opts=TYPE,SIZE,URL&url=http://medline.com&size=256",found
4514a695-b093-4bf4-9aa1-9069834c1bba,Medline International BV,lmana.com,logos/medline-international-bv-ce45eb9a.png,"https://t3.gstatic.com/faviconV2?client=SOCIAL&type=FAVICON&fallback_opts=TYPE,SIZE,URL&url=http://medline.com&size=256",found
c0108d60-3508-4c9f-bb37-90f7bd6b06d7,Medline International France Chateaubriant,lmana.com,logos/medline-international-france-chateaubriant-ce45eb9a.png,"https://t3.gstatic.com/faviconV2?client=SOCIAL&type=FAVICON&fallback_opts=TYPE,SIZE,URL&url=http://medline.com&size=256",found
6d432fca-d2d6-4b32-9e8e-bf467ae80dae,Medline International France SQY,lmana.com,logos/medline-international-france-sqy-ce45eb9a.png,"https://t3.gstatic.com/faviconV2?client=SOCIAL&type=FAVICON&fallback_opts=TYPE,SIZE,URL&url=http://medline.com&size=256",found
1b3b6d79-b3b1-48a8-9712-d1151cff5f6b,Medline International Germany GmbH,lmana.com,logos/medline-international-germany-gmbh-ce45eb9a.png,"https://t3.gstatic.com/faviconV2?client=SOCIAL&type=FAVICON&fallback_opts=TYPE,SIZE,URL&url=http://medline.com&size=256",found
dd4b5384-574a-42dc-bd93-641de0cabca5,Medline International Iberia SLU,lmana.com,,,
bd8f1d7f-f112-46fb-b88f-25596fd328da,Medline International Two Australia Pty Ltd,lmana.com,,,
94e694b6-667a-45a0-9b60-dda16a514167,Medline Operations Germany GmbH,lmana.com,,,
a68aa5ed-1b6d-4cc5-8fe6-436b05876886,Medline Vietnam Trading Company Limited,lmana.com,,,
46761957-db35-45cb-bd27-672fd7ded1ee,Medtrans LLC,medtrans.ai,,,
69fd96e3-1d75-40fd-8e5e-d2c54f3d28bd,Microtek Dominicana SAS,lmana.com,,,
27e3d4e1-e3a9-48ba-b937-12053c0684da,"MKTG, Inc",mktginc.com,,,
d2d246e0-f85a-44b6-99c8-49cd4179d4b9,MNTN,mountain.com,,,
b93898a4-8b70-47b8-8e60-0176abead4ec,"Moog Australia Pty., Ltd.",moog.com.au,,,
9805b3ba-d03a-4c6c-a082-9b3b1b4bafe4,Moog Controls (India) Pvt. Ltd.,moog.de,,,
e86a14c0-2392-4a3a-a6d1-b6402ff9c2da,Moog Controls Ltd.,moog.de,,,
2c4a35fc-d1af-43f9-8ddc-0688ded767ff,Moog Inc,moog.de,,,
e291275d-94b9-4f78-8fb9-54dde48504b4,Moog India Technology Center Pvt. Ltd.,moog.de,,,
7e7bfdbd-5be1-4442-a0dc-03913f34babd,Moog Japan Ltd.,moog.de,,,
99c2d87b-2d96-43ef-b068-2c2a1156fbf6,Moog MDG SRL,moog.de,,,
f58ad757-577c-4905-b2e0-4d5fc4ffd037,Moog Military Aircraft LLC,moog.de,,,
8f248b66-5969-4e2c-be83-f08626e41423,Moog Wolverhampton Limited,moog.de,,,
0f98e9eb-cdcd-4014-a0f9-a57441de5557,"MSM-174 Medline Soluciones Medicas, S. de R.L. de C.V.",lmana.com,,,
a67ebdb2-a0b5-4ab4-9ece-069e6c277d66,"MXC-686 Productos Medline Mexicali, S. de R.L. de C.V.",lmana.com,,,
39472940-f31e-4ff1-924c-a348ead9eb9e,MXES Entserv Enterprise Services Mexico S. de R.L. de C.V.,dxc.com,,,
695f3aa8-78e3-49d7-b87a-0362687f9862,MY20 EntServ Malaysia Sdn. Bhd.,dxc.com,,,
228d1471-d4bc-44c0-811a-b07e986d163d,Mysten Labs,mystenlabs.com,,,
36511718-afbd-4d6f-8625-4d136c71cbc4,National Reconnaissance Office (NRO),nro.gov,,,
324310f4-7638-4f68-83e0-16a6bf30ed3f,Network Technology Services,spectrum.com,,,
fb4081aa-5ad8-4999-8c8c-03254471ea0c,Newsela,newsela.com,,,
01b4420a-984c-4eb1-aee8-47400effa9a9,NiSource,nisource.com,,,
dd5adf2d-b8c8-48f5-9f87-798b3ba03536,"NLDC-173 Nuevo Laredo Directo Al Cliente, S. de R.L. de C.V.",lmana.com,,,
ded59ed9-f087-4298-b4d7-9d031f3165a2,"NLEX Enterprise Services International Trade B.V., Saudi Arabian Branch",dxc.com,,,
b1e5251f-2abb-49bb-83d3-e81648d21b5f,North Houston Pole Line LP,nhplc.com,,,
0245b775-d9c1-44a2-8334-2c5ffd616357,"Northstar Energy Solutions, LLC.",nses.com,,,
46d8e44d-1a5c-4ec1-822d-a691b85a0acc,Numa,numastays.com,,,
512adcf4-82d4-4ead-8302-80de95a1a4bf,NZES DXC Enterprise NZ,dxc.com,,,
97d6a884-d123-4fda-963d-98766a2bc244,Ohio State University,osuwexmedlivingdonor.org,,,
327cd202-d802-4183-ae54-2aa0831442bd,Omni Hotels & Resorts,omnihotels.com,,,
3518d7f9-b084-4e0b-ac63-114865ea47af,OpenRouter,openrouter.ai,,,
cbd826a1-bdd6-461b-9a83-69da8d927ac7,"PA20 Enterprise Services Panama, S. de R.L.",dxc.com,,,
2d71fd19-5180-40fb-bfe3-142de91a2d04,PainPoint Health,painpointhealth.com,,,
10f6110f-3e2b-445b-a9e8-02b63421c136,Palm Beach Gardens Medical Center,tenethealth.com,,,
7eb3e51c-1395-47a8-8da5-d193a86e158e,PDM-110 Productos Medline S.A. de C.V.,lmana.com,,,
af7e654c-82fa-4539-a5c5-2ed51c5bf10f,Pentalver Transport Ltd,pentalvergroup.com,,,
21fd9470-136f-47a9-b1b6-d88b5178ffda,Perficient,perficient.com,,,
07765c40-f845-4882-bd77-5b7d650eb803,"PHES EntServ Philippines, Inc.",dxc.com,,,
6e538353-9651-4f2b-9800-34c4c027abb0,"PHET Enterprise Services (AP) Limited, Philippines Regional Operating Headquarters",dxc.com,,,
f2e36b66-6945-4ad1-bce1-960268af3f1b,PLES DXC TECHNOLOGY POLSKA sp. z o.o.,dxc.com,,,
08b3b975-c575-4e57-80b6-ede1d77b785a,POL Aptiv Services Poland S.A.,aptiv.com,,,
91efb432-8837-484f-96e8-acaf84f0e52a,Principal,principal.com,,,
b829f6c9-f894-47db-a11b-818427da835e,Pro-Pak Foods Ltd,pro-pakfoods.co.uk,,,
da988470-f5fd-4406-8d6b-a1be73cbcfc5,Radiant,radiant.co,,,
f9ff6d15-7969-4131-8a4c-cdf0f046c501,"RCI-147 RCI Hudson de Mexico, S. de R.L. de C.V.",lmana.com,,,
916175d1-93fd-47b8-aa2b-c961735ceb9f,RC Willey,rcwilley.com,,,
33d773ce-9016-4d65-b131-254baeba0f39,RC Willey Home Furnishings,rcwilley.com,,,
618b09af-2ff7-4aca-8fc8-c6f0800c612f,Real REMAX Group,realremaxgroup.com,,,
d2712f75-083e-48d9-bcf3-40ebf4a81018,Regeneron GmbH,regeneronpro.uk,,,
d6853c7b-462a-417a-bcfa-fedf2e4377ec,REI (Recreational Equipment Inc.),rei.jobs,,,
a7a4a56d-3b95-4f43-884a-d1da601eea30,Resend,resend.dev,,,
2597227d-879e-4e74-9d38-e4d73d14e060,Residence Inn Salem,highgate.com,,,
90188666-5b55-42b7-ac60-0053c74e23a2,Royal Canin Belux,mars.com,,,
d891d72d-8027-4633-aca6-3330a1bbbe4f,RPL IQVIA RDS (India) Private Limited,iqvia.com,,,
612079a8-aa70-478b-8f1c-4a96529832ae,"R.R. Cassidy, Inc.",rrcassidy.com,,,
c7990b44-ddc2-4424-adde-8509d404c823,SailPoint,sailpoint.io,,,
ec710596-e123-45d7-aa70-cd4258be567b,SailPoint Technologies fz-llc,sailpoint.io,,,
66bd682d-b632-4d22-81f1-b3c4b45de4cf,SailPoint Technologies Japan,sailpoint.io,,,
b8a0af22-f45f-408a-9970-34767f71cef6,SailPoint Technologies Korea Limited,sailpoint.io,,,
ac6da5f1-9463-4486-bb14-faa8fb1856a4,SailPoint Technologies UK Ltd,sailpoint.io,,,
e82de8cc-1663-45c7-998e-c60283677332,SailPoint Tecnologia Spain S.L.,sailpoint.io,,,
88874ce2-66de-4f16-a8dc-84cb401f7382,Saint Vincent Health Center,svhs.org,,,
de816b9e-1c89-4d63-85ec-2d38091daf84,Sales and Marketing,q5.marketing,,,
2b688b47-d450-4017-b873-8cd5da72a42d,"Service Finance Company, LLC",truistmanagedfdns.org,,,
89a172e0-0300-480e-875c-326107602527,SG45 DXC Technology Services Singapore Pte. Ltd,dxc.com,,,
1b94421d-0339-451e-bf76-b045f28074aa,SKES DXC Technology Slovakia s.r.o,dxc.com,,,
b13a740a-5f01-4227-8106-501ffa3b1b52,Sol Systems,solsystems.com,,,
8e54b339-a850-4524-8963-6005e6912c3a,Strava,strava.com,,,
648e9c1a-ae5e-4bac-b845-e759ee044679,Sutter Coast Hospital,suttercoast.org,,,
59fbca62-0bb2-4f18-8f29-b492757df9d6,Sutter Valley Medical Foundation,srmf.com,,,
3f64020e-4aac-448a-9ab6-f0dc8e93c3f3,"Tapestry, Inc.",shoptapestryinc.com,,,
6241c9ef-bee3-4b16-851c-d9e23232f595,"TAYMAN INDUSTRIES, INC.",taymaninc.com,,,
f9ff09fe-fac0-4c51-8c88-9437036b6f51,TD SYNNEX Corporation,tdsynnex.com,,,
ed748f74-0d5b-4cd2-8f5e-d9c03c78920b,Teach For All,teachforall.org,,,
ff28d977-a10a-4798-9806-e04ea8ec0a7b,Team Accessories Limited dba Moog MRO Services,moog.de,,,
020ccbe8-6bdd-42d4-951a-632cff4d9d2d,The Hospitals of Providence - Sierra Campus,tenethealth.com,,,
9b9d1a9b-c75f-462d-90e4-63522fa01f12,"The Vanguard Group, Inc.",vanguardfmgroup.com,,,
ab827576-44b6-4121-b01d-6ca7a4dfac7c,THOP,thopassessoria.com.br,,,
fe844b42-426f-4f5f-8f10-d265b4dd9853,Thrive Market,thrivemarketjobs.com,,,
a537d5f9-1a33-4292-8604-5817234bc227,Tines,tines.com,,,
7181e17d-43f0-419a-8c41-1d51e9051285,Trainline,trainlinegroup.com,,,
168af648-7a3d-49e4-89e8-1d1e02d8033e,Truist CIG LLC,truistmanagedfdns.org,,,
1dd65132-5931-4c19-a236-c9ce83c16891,"Truist Community Capital, LLC",truistmanagedfdns.org,,,
e0895ced-1bbd-4ee4-aab3-9cef1ca253db,TWES EIT Services Taiwan Co. Ltd.,dxc.com,,,
fca1bd5b-97a1-48c9-b8f8-9f65f108c1fc,UNAVAILABLE,autenticalamichoacana.com,,,
480f0fcf-77c1-439b-86d6-c1edd828114b,United Insurance Company of America,kemperhsc.com,,,
83e8fe02-8c32-434b-93d9-f4377f5d9b43,"UpToDate, Inc.",u2d.com.br,,,
fa23f434-3511-4bd9-84c7-3261c155a7c9,USA018 Thomson Reuters Holdings Inc.,thomsonreuters.com,,,
ec7e783a-1324-4e0b-a6f0-59edbd243cda,USA7 DXC Technology Services LLC,dxc.com,,,
da61afb8-4f80-470f-9582-aee340d7fdb3,US Offices & Unit,morganlewis.com.au,,,
5d9334e9-258c-446d-9229-739ac021dbf7,Vail Resorts,vailresortscareers.com,,,
c2ee4695-93a3-4193-a698-33dce2dea62c,Valency Systems Inc.,valency.io,,,
af32537f-033a-4462-b131-84fca6bdda61,Vapi,vapi.ai,,,
8691b855-3ef3-4f81-af08-2db6562ab9be,Viltechmeda UAB,moog.de,,,
dd56cb27-4cb3-4c2d-be04-f18f1cdf48e8,Waymo,withwaymo.com,,,
6037a79c-6a76-4a4d-bc69-0dc1d3d6792a,WEG,weg.net,,,
37fe728b-eb4b-4e38-aff8-c99420ef5747,Weight Watchers,weightwatchers.ie,,,
3bee428e-8a29-436e-b9ec-e735d24dd899,WGNSTAR,wgnstar.com,,,
58b60140-395e-42dc-a055-cf7dc976e461,WGU Corporation,wgu.org,,,
57d553c1-7fc3-407e-848a-940b56eb030b,Wing Assistant,wingassistant.com,,,
39f1a098-e652-449a-b618-b178232a4067,WithCoverage,withcoverage.com,,,
ec4e5178-c3e5-440d-a706-241c03a54deb,Workstream,workstream.us,,,
e91e03df-5c34-4762-8061-1f94a7bec44a,Wrigley India Private Ltd,mars.com,,,
cddaba87-d086-44d9-97e3-95b50a778299,WSP,wspgroup.co.uk,,,
0ed68027-3ddd-465b-bc57-341833bf2897,www.rei.jobs,rei.jobs,,,
eba689c0-030d-4e83-9a57-62cde9e0591f,Yalo Inc.,yalo.ai,,,
635f38c0-e348-4dfd-b10c-df54015dbf54,"Zoom Communications, Inc.",zoomcommunications.biz,,,
