company_name,company_domain
"(0072) SANOFI-AVENTIS Private Co, Ltd",""
"0507 Team TAG Services, LLC",""
06W0 Carrier EMEA SAS,""
"070 Humana Government Business, Inc.",""
0771 Tropical Island Management GmbH,""
0775 TI Hospitality GmbH,""
077 Tropical Island Holding GmbH,""
0g Labs,""
10 Ancestry.com Operations Inc.,""
"12 North Pole Star, S. de R.L. de C.V.",""
1-800 Contacts,""
1 O.C. Tanner Company,""
1Y1 Array BioPharma Inc.,""
21 Marvell Asia Pte. Ltd.,marvell.com
21 Polaris Sales Mexico S. de R.L. de C.V.,""
2 O.C. Tanner Manufacturing,""
2U,""
34 Columbia Gas of Ohio Inc,nisource.com
35 900 784 PPD Slovak Republic s.r.o,""
38 Columbia Gas of Virginia Inc,nisource.com
3M,""
"423 Conviva Care Solutions, LLC",""
"424 Conviva Physician Group, LLC",""
"426 CDO 1, LLC",""
"427 CDO 2, LLC",""
459y Varian Medical Systems Arabia Commercial Limited,""
"471 CenterWell Senior Primary Care (FL), Inc.",""
4 BMCAP,""
"60 Insperity Services, L.P.",insperity.com
"651 Conviva Medical Center Management of Texas, P.A.",""
"656 CenterWell Senior Primary Care (NC), P.C.",""
"659 CenterWell Senior Primary Care (SC), P.C.",""
"65 Insperity Support Services, L.P.",insperity.com
"712 CenterWell Senior Primary Care (TX), P.A.",""
"713 CenterWell Senior Primary Care (GA), P.C.",""
"720 CenterWell Senior Primary Care (NC) JV, P.C.",""
"722 CenterWell Senior Primary Care (SC) JV, P.C.",""
"724 CenterWell Senior Primary Care (IN), P.C.",""
7320-Johnson & Johnson Aktiebolag Legal Entity,""
7547-Johnson & Johnson NCB (Belgian Branch) Legal Entity,""
"800 CenterWell Health Services (USA), LLC",""
"801 Alpine Home Health Care, LLC",""
802 American HomeCare Management Corp.,""
"803 Asian American Home Care, Inc.",""
804 CenterWell Certified Healthcare Corp.,""
"805 Home Health Care Affil of Central Mississippi, LLC",""
"806 CenterWell Health Services (Certified), Inc.",""
"808 Hawkeye Health Services, Inc.",""
"811 Missouri Home Care of Rolla, Inc.",""
812 Nursing Care-Home Health Agency Inc.,""
813 PHHC Acquisition Corp,""
"814 QC-Medi New York, Inc.",""
"815 Van Winkle Home Health Care, Inc.",""
"816 Access Home Health of Florida, LLC",""
"817 Capital Care Resources, LLC",""
"818 Capital Care Resources of South Carolina, LLC",""
"819 Chattahoochee Valley Home Health, LLC",""
"820 CHMG of Atlanta, LLC",""
"821 CHMG of Griffin, LLC",""
"822 Eastern Carolina Home Health Agency, LLC",""
"823 Healthfield Home Health, LLC",""
"824 Healthfield of Statesboro, LLC",""
"827 Home Health Care of Carteret County, LLC",""
"829 Mid-South Home Health of Gadsden, LLC",""
"830 Mid-South Home Health,, LLC",""
"831 Tar Heel Health Care Services, LLC",""
"832 Total Care Home Health of Louisburg, LLC",""
"833 Total Care Home Health of North Carolina, LLC",""
"834 Total Care Home Health of South Carolina, LLC",""
"836 KAH Development 14, L.L.C.",""
"837 PF Development 15, L.L.C.",""
"839 KND Development 50, L.L.C.",""
"841 KAH Development 10, L.L.C.",""
"844 KAH Development 4, L.L.C.",""
"845 Southern Nevada Home Health Care, Inc.",""
"846 IntegraCare of Texas, LLC",""
"848 IntegraCare of Olney Home Health, LLC",""
"852 IntegraCare of West Texas Home Health, LLC",""
"853 Vernon Home Health Care Agency, LLC",""
"854 BWB Sunbelt Home Health Services, LLC",""
"856 IntegraCare Home Health Services, Inc.",""
8605-Johnson & Johnson (Middle East) Inc. Legal Entity,""
"860 Synergy Home Care - Capitol Region, Inc.",""
"865 Synergy Home Care - Southeastern Region, Inc.",""
"867 Senior Home Care, Inc.",""
"869 Med-Tech Services of Palm Beach, Inc.",""
87 CAE Flight & Simulator Services Sdn. Bhd,""
"889 Prime Healthcare Home Care and Hospice, LLC",""
8Fleet Inc.,""
A01 Nationwide Mutual Insurance Co.,nationwide.com
"A537 Deutsche Bank Aktiengesellschaft, Filiale Pune",""
AABR FMC Quimica do Brasil Ltda.,""
AACA FMC of Canada Limited / FMC Canada Limitee,""
AADE Cheminova Deutschland GmbH & Co. KG,""
AAEG FMC Egypt Agricultural Solutions LLC,""
AAJP FMC Chemicals K.K.,""
AAPL FMC AGRO POLSKA SP. Z O.O.,""
AATR FMC Turkey Endüstri Ürünleri Sanayi Limited Şirketi,""
AAUS FMC Corporation,""
ABAU FMC Australasia Pty LTD,""
abcfinlab GmbH,""
Abercrombie & Fitch,""
Abercrombie & Fitch France SAS,""
Abercrombie & Fitch Italia SRL,""
"Abercrombie & Fitch Spain, SL",""
Abrazo Arizona Heart Hospital,""
Abrazo Arrowhead Campus,""
Abrazo Central Hospital,""
Abrazo Community Health Network,""
"Abrazo Medical Group (VHS Outpatient Clinics, Inc)",""
Abrazo West Campus,""
Accenture Federal Services,""
"Access Education Services, LLC",wgu.org
Ace Hotel New York,""
AC Hotel Georgetown Guyana,""
"ACH Saint Luke's Hospital of Garnett, Inc.",""
ACIN FMC India Private Limited,""
ACRH Allen County Regional Hospital,""
Action Day Schools,""
Active Network China,""
Addepto,""
ADIN Cheminova India Limited,""
ADMX-ADBEMX Software S. de R.L. de C.V.,""
ADTE Nasdaq Technology (DIFC) Ltd,""
AE02 MDLZ United Arab Emirates,""
AEG Worldwide,""
AEP,""
"AEP Energy, Inc.",""
AEP Generating Company,""
AEP Generation Resources Inc,""
"AEP Texas Company, Inc.",""
AFH Belgium SPRL,""
AFH Canada Stores Co.,""
AFHCo Stores NL BV,""
AFH Germany GmbH,""
"AFH International Trading (Shanghai) Co., Ltd.",""
AFH STORES UK LIMITED,""
A&F Management Co.,""
AFP Cuprum,principal.com
"A&F Stores, Inc.",""
A&F Trading Co.,""
AG1,""
Agents’ Mutual Limited,""
Akasol Inc.,""
Akron General Medical Center,""
AL7501 GE Power Australia Pty Ltd,""
"ALDEVRON, L.L.C.",""
Aligned Modern Health,""
ALJP-Adobe KK,""
Allegheny County Airport Authority,""
Allstate Insurance Company of Canada - Permanent,allstateinvestors.com
Almaviva website,almavivadebelgique.be
Aloft Nola,""
Aloft Tampa Downtown,""
Alohilani Resort Waikiki Beach,""
Alsco,""
ALX Africa,""
Amazing Care Home Health,""
"AMBFO, LLC",""
Ambient Digital Advertising Service Company Limited,""
"AMB Impact, LLC",""
"AMB West Holding Company, LLC",""
American Honda Motor Company,honda.com
Americon Construction Inc,""
"AMERILIFE US, LLC",amerilife.com
AmeriVet Partners,""
AMIRI,""
Amnet Polska Sp. z o.o.,""
Amnet Trading India Private Limited,""
AMODA,""
AMP: AI-Powered Sortation for Waste and Recycling,""
Ampeco Ltd,""
Anagram,""
Anduril,""
Anglian Water Services Ltd,""
Aniplex of America Inc.,""
"AN Luxury Imports of San Diego, Inc.",""
AN/MNI Acquisition Corp.,""
"Annaville Fitness, LLC",""
ANS,""
"Antioch Fitness, LLC",""
Apave America Inc.,""
APM Terminals - Aarhus A/S,""
APM Terminals Apapa Ltd.,""
"APM Terminals Elizabeth, LLC",""
APM Terminals Gothenburg AB,""
APM Terminals Maasvlakte II B.V.,""
APM Terminals MedPort Tangier S.A.,""
APM Terminals Moin S.A.,""
APM Terminals NAM US,""
Apollo India Services LLP,""
"Apollo Management Holdings, L.P.",""
Apollo Management International LLP,""
Appalachian Power Company,appalachianpower.com
app.eightfold.ai,""
APPLE BUS COMPANY,""
"Appleway Chevrolet, Inc.",""
Apptium Technologies,""
APVC Holdings Pty Ltd,""
A.P.V.C. Limited ACN 093 228 141,""
APVC New Zealand Limited,""
AR02 MDLZ Argentina,""
Arena Media Communications,""
"Arena Media Communications España, S.A.",""
"ARES Enterprise Services Argentina, S.R.L. *",dxc.com
ARG 3M Argentina S.A.C.I.F.I.A.,""
"Aria Resort and Casino, LLC",""
ARL Jacksonville Management LLC,""
ARL San Pablo Management LP,""
ARL West Chase Management LLC,""
Armtec Defense Technologies,""
ARN Arens Controls Company LLC,""
ARN Media Communications Publicidade S.A. (Portugal),""
"ARS Treatment Centers of New Jersey, P.C.",""
Arthouse Hotel New York City,highgate.com
Arthur J. Gallagher and Co.,ajg.com
Ashby,""
"Asphalt Materials, Inc.",""
Assai Atacadista,""
"AssetWatch, Inc.",""
Astor Crowne Plaza New Orleans,""
Astranis,astranis.org
"ASTS Management, LLC",""
AT03 MDLZ AT Sales GmbH,""
AT06 (FCRS = AT006) Novartis Pharma GmbH,""
AT31 MDLZ AT Service GmbH,""
AT50 MDLZ AT Production GmbH,""
Atento,""
Athletics - Business Operations,""
AtkinsRealis Asia Limited,""
ATKINSREALIS BRASIL LTDA.,""
AtkinsRéalis Canada Inc.,""
AtkinsRéalis Group Inc.,""
AtkinsRealis India Private Limited,""
AtkinsRéalis Ireland Limited,""
AtkinsRealis Malaysia Sdn. Bhd,""
AtkinsRealis Nuclear Secured LLC,""
AtkinsRéalis Operations & Maintenance Inc.,""
ATKINSREALIS OVERSEAS - ABU DHABI,""
ATKINSREALIS OVERSEAS - DUBAI BRANCH,""
ATKINSRÉALIS PERÚ S.A,""
AtkinsRealis PPS Limited (Dubai Branch),""
AtkinsRealis Project Management L.L.C. - S.P.C.,""
AtkinsRealis Singapore Pte. Ltd.,""
AtkinsRealis (slihrms tenant),""
AtkinsRéalis UK Limited,""
AtkinsRealis USA Inc.,""
AtkinsRealis USA Management LLC,""
"Atlanta Falcons Football Club, LLC",""
"Atlanta United Football Club, LLC",""
ATL Technology CR Ltda,""
ATL Technology LLC,""
ATRSP Lineage AUS TRS Pty Ltd,""
Attentive,attentive.com
AU00 Agilent Technologies Australia Pty Ltd,""
AU03 Mondelez Australia 03,""
AU06 Mondelez Australia 06,""
"AUA Advanced Urologic Associates, Inc.",""
Audubon Colombia,""
Augrade Inc,""
Aurecon Perunding Sdn. Bhd.,""
AUS 3M Australia Pty. Ltd.,""
AUS ADAS Solutions Australia Pty Ltd,""
AUS AMX Superstores Pty Ltd,""
AUS GPC Asia Pacific Australia Pty Ltd,""
AUS MAP Motion Asia Pacific Pty Ltd,""
AUS MAPS Motion Asia Pacific Services Pty Ltd,""
AUS MCL McLeod Accessories Pty Limited,""
Austria: Austria Representative Office of Mastercard Europe SA,""
AUT Curtiss Wright Controls Integrated Sensing,""
AUT KCI Austria GmbH,""
Autobus Transco (1988) Inc.,""
Autocraft Solutions Group,""
Autodesk S.R.L. (Romania),""
Autofleet,""
Autoglass Vidros para Viaturas Lda,""
Autograph Historic Cavalier,""
Autograph Hotel Chicago,""
Avera Health Plans Inc,""
Avnet Australia,""
Avnet New Zealand,""
"AZ02 Westroc Hotels & Resorts, LLC",""
"AZ05 Westroc Hotels & Resorts, LLC",""
Azul Linhas Aéreas,""
Baird Trust Company,""
BALLY’S INTRALOT SA,""
Baltimore Gas and Electric Company,exeloncorp.com
Banco BV,""
Banco Inter (Inter&Co),""
Bank of Utah,""
Baptist Medical Center,""
Barker Associates,""
Barnsley Resort,""
BARRINGTON HOSPITALITY,""
Baylor Scott & White Medical Center - Sunnyvale,""
"BCBSM, Inc.",""
BCN Group,""
BD02 MDLZ Bangladesh Pvt Ltd,""
BD (Becton Dickinson),""
BDO Administration Pty Ltd,""
BDO Australia,""
BE21 MDLZ BE Procurement Co,""
BE32 MDLZ BE Service Company,""
BE55 MDLZ BE Manuf Servs BVBA,""
"Beach 2 Fitness, LLC",""
Beacon Hotel and Corporate Quarters,""
"Beau Rivage Resorts, LLC",""
"Beijing Dentsu Advertising Co.,LTD.",""
"Beijing Dentsu Advertising Co.,LTD. Shanghai Branch",""
BEL 3M Belgium BVBA/SPRL,""
BEL AAG Partspoint België - Partspoint Belgique,""
"Belanger, Inc.",""
BEL Belgium,""
"Bellagio, LLC",hc-bellagio.com
"Bellevue Fitness, LLC",""
Belmont Charter Network,""
Belron Italia,""
"Benchmark Arrowhead, LLC",""
Benchmark Bellevue LLC,""
"Benchmark Bend, LLC",""
Benchmark Bishop Management LLC,""
"Benchmark Carmel Management, LLC",""
"Benchmark Chicago UCQC, LLC",""
"Benchmark Conference Centers of West Virginia, LLC",""
"Benchmark Conference Resorts of California, LLC",""
"Benchmark Gainesville, LLC",""
"Benchmark Hospitality at Vero Beach, LLC",""
"Benchmark Hospitality of Roanoke, LLC",""
"Benchmark Hospitality of Texas, LLC",""
Benchmark Newport Management LLC,""
Benchmark NYC LLC,""
Benchmark OK Management LLC,""
"Benchmark Stevenson, LLC",""
"Benchmark TAMU, LLC",""
Benchmark Waikiki Management LLC,""
"Benchmark West Palm Beach, LLC",""
Best Western Plaza Hotel,""
"Bethel Park Fitness, LLC",""
Better Collective A/S,""
BFV USA Bio-Med Appl of Fayetteville,""
BG21 MDLZ BG Procurement GmbH,""
BG31 MDLZ BG Service GmbH,""
BGEU DXC Bulgaria EOOD,dxc.com
"BHMG Lifespan Physician Group, Inc., d/b/a Brown Health Medical Group",""
BHMGMA Brown Health Medical Group Massachusetts,""
"BHS Physician Network, Inc",""
BHS Physicians Network Houston,""
Big-D Construction,""
"Big Heart Pet Brands, Inc.",bigheartpet.com
Big West Oil (FJ Management),""
BIMBO,""
Biodefense Policy Org,""
BioMar AS,""
BioMar Group A/S,""
BioMar-VietUc Vietnam,""
"BJN Toyota Motor Mfg Tennessee, Inc Company",""
BlackSky,blacksky.com
Blank Street Coffee,""
BLEN,""
Blue Bite LLC,""
Blue Flamingo Resort Key West,""
Blue Line Foodservice Distribution Inc.,""
BMC Company 100,""
BNY,bnyphoto.com
Board of County Commissioners,""
Boeing Australia Holdings Pty Ltd,""
Boeing Canada Operations Ltd,""
Bolna AI,""
BorgWarner Transmission Systems Korea Ltd.,""
Boston Growth - Highgate Hotels,""
Boston Medical Center,""
Boston Red Sox,""
BR00 Agilent Technologies Brazil LTDA,""
BR02 MDLZ Brazil,""
BR2301 GE Vernova Global Services GmbH - Korea Branch,""
BR50 Enterprise Services Brasil Servicos,dxc.com
BRA 3M do Brasil Ltda.,""
BRANDAD Group AG,brandad-systems.de
BRA Solventum do Brasil Ltda,""
"Bread Financial Payments, Inc",""
"Breeze Aviation Group, Inc.",""
"Brickell Arch, a Luxury Collection Hotel",""
BridgeFund,""
Bridge Investment Group Holdings LLC,""
"Bridgeville Fitness, LLC",""
Brigham Young University (faculty),""
Brigham Young University (staff),""
BRI Trane Technologies - Belgian,""
"Brookhaven Science Associates, LLC",""
Brown & Brown,""
Brown University Health,""
Brun-Way Highways Operations Inc.,""
BS01 Shell Western S&T Ltd,""
BSP The Bishop Spencer Place Inc,""
Bubble Skincare,""
Buildings Efficiency Company,""
Built Technologies,""
Bulloch Technologies Inc.,""
"Bulverde Fitness, LLC",""
Bureau of Labor and Industries,""
"Burlington Coat Factory of TX, Inc.",burlington.ca
Burlington Shopping Centre Fitness LP,""
Butterworths Limited Company,""
BW Energy,""
BYD Brasil,""
Byron Recruitment,""
"C3 Presents, LLC",""
CA00 Agilent Technologies Canada Inc.,""
CA02 Mondelez Canada Inc.,""
CA03 BioVectra Inc.,""
CAES DXC Technology Canada Co.,dxc.com
Cajun Operating Company,""
"CAL CALTY Design Research, Inc Company",""
California Practice Staff,""
Callaway de Mexico,""
"Callaway Golf Ball Operations, Inc.",""
Callaway Golf Sales Company,""
Cambia Health Solutions,""
Cambridge Boston Alignment Initiative,""
CAMP,""
Campbell's,""
CAN 3M Canada Company - Compagnie 3M Canada,""
"Canacre USA, LLC",canacre.com
Canada Workday ULC,""
Candu Energy Inc.,canduenergy.ca
CAN MOT,""
Cannon Automotive Solutions - Bowling Green Inc.,""
CAN Solventum Canada Limited,""
Cantor Fitzgerald/BGC,""
Canyons School District,canyonsdistrict.org
"CAPCITY Capital City Community Centers, Inc.",""
"Capital Health System, Inc.",""
Capitalone,""
CAP UPS Capital Corp,""
Carat Argentina S.A.,""
Carat Colombia S.A.S.,""
Carat España S.A.U,""
Carat France SAS,""
Carat Mexicana S.A. de C.V.,""
Carat Middle East FZ-LLC,""
"CARAT (Thailand) Co., Ltd.",""
"CareerMD, Inc.",""
Carfair (composites),""
Carglass A/S,""
Carglass Austria GmbH,""
Carglass Sweden AB,""
Carolina Solar Services,""
Carondelet Holy Cross Hospital,""
Carondelet Marana Micro,""
Carondelet St. Josephs Hospital,""
Carondelet St. Marys Hospital,""
CARREIRAS LOJAS RENNER,""
Carreiras Veo Brasil,""
"Carters Brands, S.A. de C.V.",""
Carter's Retail Inc.,""
"CAR UPS Cartage Services, Inc",""
Casa Madrona,""
Cascadia Motion LLC,""
Catapult Sports,""
Category Labs,""
CBA NZ Holdings Limited,commbank.com.vn
CBA Services Private Limited,commbank.com.vn
CC2108 GE Aviation International Services Pte. Ltd.,""
"Cedar Hills Fitness, LLC",""
"Celsius (Workable, ownership unconfirmed)",""
Cencosud,""
Cencosud Brasil,cencosud.com.br
CenterWell (Humana primary care / home health),""
CENTRAL MAINE POWER CO,""
Central Texas Refuse LLC,""
CENTRAL TRANSPORT - CANADA,""
CENTRAL TRANSPORT OF OHIO,""
Centrum Elektronicznych Uslug Platniczych eService Sp. z o. o.,""
"CF&I Steel, L.P.",""
CFS Curtiss Wright Controls Inc,""
CH001 Marsh Ag,""
CH10 MDLZ EU GmbH,""
CH50 MDLZ CH Production GmbH,""
Chai Discovery,chaidiscovery.com
Charge Robotics,""
"Charlotte Fitness, LLC",""
Chase- Candidate Experience page,""
Chase de Vere Independent Financial Advisers Limited,""
Chateau Elan Winery and Resort,""
"CHG Companies, Inc.",""
"CHG Management, Inc.",""
"CHG Medical Staffing, Inc.",""
"Chilldyne, Inc.",""
CHN 3M China Limited,""
"CHN 3M International Trading (Shanghai) Co., Ltd.",""
"CHN 3M Specialty Materials (Shanghai) Co., Ltd.",""
CHN Choice Hotels International Services,""
CHN Shanghai 3M Healthcare Co. Ltd.,""
"Christman Constructors, Inc.",""
"Christman Facility Solutions, LLC",""
C.H. Robinson,""
CH_RSC_L Randstad (Schweiz) AG,""
Chubb External,chubb.com
Church & Dwight Canada Corp.,""
"Church & Dwight Co., Inc.",""
CHURCH & DWIGHT MANUFACTURING CO,""
"Church & Dwight, S. de R.L. de C.V.",""
Church & Dwight UK Limited,""
Church's Texas Chicken (field),""
Church Unlimited,""
"Ciena Global Distribution Company, Ltd.",""
Cimed,cimedremedios.com.br
Circle Internet Management Services LLC,""
Circle (USDC),""
Cirks Construction Inc,""
CI&T,""
City and County of Denver,""
City of Charlotte,""
City of Orlando,""
"Civiltec Engineering, Inc",""
Clancy Docwra,""
Claremont Resort and Club,""
Clearbrook Group Services Inc.,""
"Clearlink Technologies, LLC",clearlink.com
Clearsight Advisors Inc,""
CLES Enterprise Services Chile Comercial Limitada,dxc.com
Cleveland-Cliffs Hibbing Management LLC,""
Cleveland-Cliffs Inc.,""
Cleveland-Cliffs Steel LLC,""
Cleveland-Cliffs Tooling and Stamping Canada Holdings Inc.,""
Cleveland Community College (NC),""
Cleveland Metropolitan School District,clevelandmetroschools.org
Clicksign,""
CliftonLarsonAllen LLP,""
CliftonLarsonAllen Wealth Advisors LLC,""
Clover Health,""
ClubCorp,""
"CMAS Adquirente, S. de R.L. de C.V.",""
CME Chicago Mercantile Exchange Inc.,""
"CMP-090 Tri-State de Mexico, S. de R.L. de C.V.",lmana.com
"CMPI Coastal Medical Physicians, Inc., d/b/a Brown Health Medical Group Primary Care",""
CMS CMNO LLP,""
CMS CMNO - Poland,""
CMS Sofia,""
"CN00 Agilent Technologies (China) Co., Ltd.",""
"CN01 Agilent Technologies (China) Co., Ltd.",""
CN02 Mondelez SH Food Corp Mgt,""
CN03 KFCL-GC HQ,""
CN09 Agilent Technologies (China) Co. Ltd. Nanjing Branch,""
"CN60 Agilent Technologies (Shanghai) Co., Ltd",""
"CNB1 Bokai Enterprise Services (Wuhan)Co.,Ltd 伯凯企业服务（武汉）有限公司",dxc.com
"CNES Beijing Bokai Technology Co., Ltd.",dxc.com
CO03 Servicios Comerc Colombia,""
CO05 MDLZ Colombia,""
CO1001 Corporation of Lloyd’s,""
CO2020 Lloyd's Insurance Company (BAU),""
Cobblestone Energy`,""
Coda,coda.io
CodeAI,codeai.com
Coderio,""
Codex,""
Coefficient Giving,""
COES Enterprise Services Colombia S.A.S.,dxc.com
Coffman Associates,""
Cognizant,cognizant.com
Coinme,""
Coins.ph,""
COL KCI Colombia SAS,""
College Park Fitness LP,""
Collins Court South Beach,""
Comcast (CC) of Willow Grove,""
Comcast Corporate Services UK Limited,""
"Comcast India Engineering Center I, LLP",""
Comcast International Holdings UK Limited,""
"Comcast of the District, LLC",""
COMCAST SPECTACOR LLC,""
ComEd,exeloncorp.com
Commerz Globalpay GmbH,""
Commonwealth Bank of Australia,commbank.com.vn
"Commonwealth Bank of Australia, Americas",commbank.com.vn
"Company 31 - Manulife Investment Management(Taiwan) Co., Ltd.",""
Company Shop Group,""
"CompHealth Associates, Inc.",""
Comprehensive Rehab Consultants,""
Concentrix Conseil France,""
Concentrix S.A.S. France,""
Concentrix Services Bulgaria EOOD (New),""
Concentrix Services (Georgia) LLC,""
Concentrix Solutions Corporation,""
Concora Credit Inc.,concoracredit.com
Conifer Revenue Cycle Solutions,""
CONNECTICUT NATURAL GAS CORPORATION,""
Constellation Brands,""
Construtora Tenda,""
"Continental Air Transport- Chicago School Transit JV, LLC",""
Converse Fitness LLC,""
"Cooper Consolidated, LLC",""
Corporate-CCL,""
"Corporate J. Crew Group, LLC",jcrew.com
"CORP Saint Luke's Health System, Inc.",""
"Corpus Fitness, LLC",""
Corteva,""
"CoStar Realty Information Canada, Ltd",""
"CoStar Realty Information, Inc.",""
"CoStar UK, Ltd",""
County of Anoka,""
County of Weld,""
Courtyard Atlantic City,""
Courtyard Bloomingdale,""
Courtyard Dayton,""
Courtyard Marriott Village,""
Courtyard Morgan Hill,""
Courtyard New York Manhattan / Fifth Avenue,""
Courtyard Roseville Galleria Mall/Creekside Ridge,""
Courtyard Salinas,""
"Covington Pike Motors, Inc.",""
Cowboy Space Corp.,cowboyspace.com
CP1466 GE Vernova Egypt Services LLC,""
"Crafton Fitness, LLC",""
Crawford Job Listings - Global,""
Crawford Technologies,""
CRC Group (TIH Insurance),""
Cream Global Limited,""
"Crescent Fitness, LLC",""
"CRES EntServ Costa Rica, Limitada",dxc.com
"CRI Solventum GBS, Sociedad de Responsabilidad Limitada",""
CROWN Beverage Cans Heshan Limited,""
Csa,""
CS e-Storage (US) Inc.,""
CSIQ Corporation,""
CSRA State and Local Solutions LLC,""
CTS Foods Brokers Inc,""
CU0070 Bemidji State University,""
"CU0071 Minnesota State University, Mankato",""
"CU0072 Minnesota State University, Moorhead",""
CU0073 St. Cloud State University,""
CU0074 Winona State University,""
CU0075 Southwest Minnesota State University,""
CU0076 Metropolitan State University,""
CU0142 Minnesota State Community and Technical College,""
CU0152 Anoka-Ramsey Community College,""
CU0156 Normandale Community College,""
CU0157 Inver Hills Community College,""
CU0163 Fond du Lac Tribal and Community College,""
CU0202 Anoka Technical College,""
CU0203 Alexandria Technical and Community College,""
CU0204 Hennepin Technical College,""
CU0205 Pine Technical and Community College,""
CU0206 Saint Paul College,""
CU0208 St. Cloud Technical and Community College,""
CU0209 Minnesota West Community and Technical College,""
CU0213 Minnesota State College Southeast,""
CU0301 Central Lakes College,""
CU0303 Northland Community and Technical College,""
CU0304 Century College,""
CU0305 Minneapolis Community and Technical College,""
CU0306 Rochester Community and Technical College,""
CU0307 Riverland Community College,""
CU0309 South Central College,""
CU0320 Minnesota North College,""
Curacao Growth - Highgate Hotels,""
Current Restaurant,""
Cursor (flag for review),""
Curtiss-Wright,""
"Cushman & Wakefield, s.r.o.",""
Customer Operations,spectrum.com
CUS UPS Customhouse Brokerage,""
CY003 Marsh Insurance Brokers Ltd,""
CyberArk Software (Australia) Pty Ltd,""
CyberArk Software Canada Inc.,""
CyberArk Software (DACH) GmbH,""
"CyberArk Software, Inc.",""
CyberArk Software (India) Private Limited,""
CyberArk Software (Netherlands) B.V.,""
Cyber-Ark Software (UK) Limited,""
Cyrela,""
CZ01 Essity Czech Republic s.r.o.,""
CZ51 MDLZ CZ Bisc Prod s.r.o,""
D2B,""
D3,""
D4S DY-4 Systems Inc.,""
Dallas Area Rapid Transit,""
Dallas Growth,""
Dartmouth Woodlawn Fitness LP,""
Datacom (NZ/Australia),""
"Dave & Buster's Management Corporation, Inc.",""
"Dave & Buster’s of Canada, Inc.",""
Davis County Government,""
DayOne Data Centers HK Limited,""
DayOne Data Centers Malaysia I Sdn. Bhd.,""
DayOne Data Centers Singapore Pte. Ltd.,""
DCC Health Services (Quebec) Inc.,""
DE02 Agilent Technologies Deutschland GmbH,""
DE02 DEU FMC Thalheim GmbH,""
DE03 Agilent Technologies Deutschland GmbH,""
DE03 DEU Vivonic GmbH,""
DE03 MDLZ Deutschland,""
DE04 Agilent Technologies Deutschland GmbH,""
DE31 MDLZ DE Service Company,""
DE50 MDLZ DE Production Co,""
Deckers,""
"Deer Valley Resort Company, LLC",""
Default Company,""
Defense Services,""
DELAWARE NORTH RETAIL SERVICES,""
Delray Medical Center,""
Delta Material Services,""
Delta Professional Services,""
Dentalcorp Health Services LTD.,""
Dentology,""
dentsu,""
Dentsu Advertising And Media Services India Private Limited,""
Dentsu Aegis Network India Private Limited,""
Dentsu Aegis Network Lebanon S.A.R.L.,""
Dentsu (ANZ) Management Services Pty Ltd,""
"Dentsu Canada, Inc.",""
Dentsu Central Services (Pty) Ltd,""
Dentsu Creative CPT (Pty) Ltd,""
Dentsu Creative Hungary Zrt.,""
"Dentsu Creative Mexico, S.A. de C.V.",""
Dentsu Creative Spain S.L.U.,""
Dentsu Denmark A/S,""
Dentsu Finland Oy,""
dentsu France SAS,""
Dentsu FZ-LLC,""
Dentsu Germany GmbH,""
Dentsu Ghana Limited,""
Dentsu Global Services Private Limited,""
"Dentsu International Americas, LLC",""
Dentsu International Limited,""
Dentsu Ireland Limited,""
Dentsu Media India Private Limited,""
"Dentsu Media Unipessoal, Lda.",""
"Dentsu Myco Services, Inc.",""
Dentsu Netherlands B.V.,""
Dentsu One Private Limited,""
"Dentsu Philippines, Inc.",""
Dentsu Polska Sp.zo.o.,""
"Dentsu Services (Vietnam) Co., Ltd.",""
"Dentsu (Shanghai) Investment Co., Ltd.",""
"Dentsu (Shanghai) Investment Co., Ltd Beijing Branch",""
"Dentsu Solutions Philippines, Inc.",""
Dentsu Solutions Pte. Ltd.,""
"Dentsu Spain, S.L.U.",""
Dentsu SSA (Pty) Ltd,""
dentsu UK Limited,""
Dentsu Vietnam Ltd.,""
Dentsu Webchutney Private Limited,""
"dentsu X (Beijing) Advertising Co., Ltd",""
"dentsu X (Beijing) Advertising Co., Ltd. Shanghai Branch",""
Dentsu X France SAS,""
Dentsu X (Taiwan) Inc,""
Denver Growth - Highgate Hotels,""
Department of Administrative and Financial Services,""
Department of Administrative Services,""
Department of Agriculture,""
Department of Consumer & Business Services,""
Department of Corrections,""
"Department of Defense, Veterans, and Emergency Management",""
Department of Early Learning and Care,""
Department of Environmental Protection,""
Department of Fish and Wildlife,""
Department of Geology and Mineral Industries,""
Department of Health and Human Services,""
Department of Inland Fisheries and Wildlife,""
Department of Justice,""
Department of Marine Resources,""
Department of Professional and Financial Regulation,""
Department of Public Safety,""
Department of Public Safety Standards and Training,""
Department of Revenue,""
Department of State Lands,""
Depot,""
Deseret Book Company,""
Deseret Mutual Benefit Administrators,""
Desert Regional Medical Center,""
DeSilva Gates Construction,""
DEU14 Tyco Holding GmbH,""
DEU 3M Deutschland GmbH,""
DEU 3M Healthcare Germany GmbH,""
DEU AAG AAG Distribution GmbH,""
DEU AAG Alliance Automotive Service GmbH,""
DEU AAG Coler GmbH & Co. KG,""
DEU AAG Distribution GmbH & Co. KG,""
DEUNA,deuna.com
Devoted Health,""
DHR Diagnostics Arabia Limited,""
"Dick's Merch & Supply Chain, Inc",dickssportinggoods.com
DIG INN Restaurant Teams,""
DigitalLand Services (FI) Oy,""
DigitalLand Services (Thailand) Ltd,""
DigitalOcean,digitalocean.com
Dimensional Fund Advisors,""
Dixie & Dundas Fitness LP,""
DK05 DAKO Denmark R&D & Manufacturing,""
DLL Group,""
DMC Children's Hospital of Michigan,""
DMC Harper University/Hutzel Women's Hospital,""
DMC Huron Valley-Sinai Hospital,""
DMC Rehabilitation Institute of Michigan,""
DMC Sinai-Grace Hospital,""
"DMC University Laboratories, Inc.",""
DNSN SeaWorld Parks & Entertainment LLC,""
DNSP SeaWorld Parks & Entertainment LLC,""
DNSR SeaWorld Parks & Entertainment LLC,""
DO03 MDLZ Dominicana,""
Doctors Hospital of Manteca,""
Doctors Medical Center of Modesto,""
DOF (offshore vessels),""
Dolce by Wyndham Parsippany,""
Dollar Shave Club,""
Domain Holdings Australia Pty Limited,process-pay.com
Dorothea Dix Psychiatric Center,""
doTERRA,conthhato.site
doTERRA Manufacturing,""
DoubleTree Austin,""
DoubleTree Pittsburgh Cranberry,""
DoubleTree Salt Lake,""
Douglas County School District (Colorado),""
DOW SILICONES UK LIMITED,""
DS38 DEU Nephrocare Hagen GmbH,""
Dubizzle MENA,""
DVT,""
DXC Technology,dxc.com
"DY4 Curtiss-Wright DS, Inc.",""
E01 Austria SP,""
E03 BELGIUM SP,""
E04 UPS (SCHWEIZ) AG,""
E06 Denmark,""
E07 E07 United Parcel Service Espana Ltd Y Compania SRC,""
E10 France,""
E11EVEN Club Hotel & Residences,highgate.com
E12 UPS Limited,""
E17 Hungary,""
E18 UPS of Ireland LTD,""
E20 Italy,""
E22 Netherlands SP,""
E23 Norway,""
E25 Portugal Lda,""
E26 Sweden,""
E36 E36 UPS Adria (S) Ekspres d.o.o.,""
E51 Greece,""
E70 E70 UPS Romania S.R.L.,""
E79 Poland SSC,""
E91 UPS Global Treasury Plc,""
East Bank Club,""
Eastern Iowa Community Colleges,""
Eastman,eastman.com
Eclipse Trading,""
ECOFLO INC,""
Ecselis,""
EC Source,mastec.com
Edge Engineering and Science,""
"Edwards Lifesciences Technology (Spain), S.L.U.",""
EECOL,""
EG02 Mdlz Egypt Foods S.A.E,""
EG45 Electronic Data Systems (Egypt) SAE,dxc.com
Egypt Education Platform,""
ElastixAI INC.,""
EL Costa Rica S.R.L.,edwards.com
Elections,""
Element Basalt,""
Element Orlando Universal Blvd,""
Elevation Hotel and Spa,""
e.l.f. Beauty,""
"Elk Grove Fitness, LLC",""
Ellevation,""
El Paso Staff,""
Elsevier Egypt LLC Company,""
Elsevier Inc. Company,""
Emanuel Medical Ctr,""
Embassy Minneapolis,""
Embassy Suites Palm Beach Gardens,""
Embassy Suites San Diego,""
Embassy Suites Virginia Beach,""
Embassy Suites (Woodlands),""
EMC Insurance,""
EMD Curtiss Wright Electro Mechanical,""
Emerald Charter Schools,""
Emergent Holdings,emergentholdingsinc.com
Emerson,""
"Emery Jensen Distribution, LLC",""
"Emery Sapp & Sons, Inc",""
Emma – The Sleep Company,""
Employment Department,""
Endorsed LLC,""
Eneba,eneba.com
Eneve,""
Enode,""
Environmental Resources Management Australia Pty Limited,""
Environmental Resources Management - ERM N.V.,""
"Environmental Resources Management Iberia, S.A.U",""
"Environmental Resources Management, Inc.",""
"Environmental Resources Management Michigan, Inc",""
Environmental Resources Management (M) SDN. BHD.,""
Environmental Resources Management Nederland B.V.,""
Environmental Resources Management Southern Africa Proprietary Limited,""
"Environmental Resources Management Southwest, Inc.",""
E.ON Next Energy Ltd,""
"eOriginal, Inc.",""
EōS Fitness,""
EP1 Erwin Penland LLC,""
EPAUS Epicor Australia,""
EPBH Emma Pendleton Bradley Hospital,""
EPDEU Epicor Germany,""
EPE,""
EPGBR Epicor United Kingdom,""
EPIC Epicor Software,""
Epignosis (TalentLMS),""
EPIND Epicor India,""
EPMEX Epicor Mexico,""
EPMYS Epicor Malaysia,""
EPSVK Epicor Slovakia,""
Equatorial Serviços,""
ERM Argentina S.A.,""
ERM Brasil Ltda,""
ERM Certification and Verification Services Limited,""
ERM Consultants Canada Ltd.,""
"ERM Consulting & Engineering, Inc.",""
ERM Environmental Resources Management Ireland Limited,""
ERM Europe Limited,""
ERM France SAS,""
ERM Global Services Private Limited,""
"ERM-Hong Kong, Limited",""
ERM Italia S.p.A,""
"ERM NC, Inc.",""
ERM Peru S.A.,""
ERM Polska sp. z o.o.,""
ERM Swiss GmbH,""
ERM Vietnam Company Limited,""
ES00 Agilent Technologies Spain S.L.,""
ES06 MDLZ ES Commercial S.L.U.,""
ES31 MDLZ ES Service S.L.U,""
"ES87 Enterprise Solutions Outsourcing España, S.L.U.",dxc.com
"ES88 Enterprise Solutions Consultoría y Aplicaciones España, S.L.U.",dxc.com
ES_EXP Randstad Digital S.A.U.,""
ESG EST Group Inc,""
"ESP 3M Espana, S.L.",""
ESP AAG Recambios y Accesorios Gaudí SL,""
"ES_PSS Randstad Consultores y Soluciones de Recursos Humanos, S.L.",""
"ES_RES Randstad Espana SL, Sociedad Unipersonal",""
ES_RPS Randstad Project Services SL,""
"ES_RTT_L Randstad Empleo, Emp de Trabajo Temp SAU",""
"ESS Companies, Inc.",""
ES_VEX Randstad Sales & Trade Services S.A.U.,""
Ethel M Chocolates,""
Ether.fi,ether.fi
Eucalyptus (digital health),""
Europ Assistance Austria,""
European Dynamics,eurodyn.com
EVEN Rockville,""
Ever,""
"Everest Advisors (UK), Ltd.",""
"Everest Global Services, Inc.",""
"Everest Insurance (Ireland), dac",""
Everest National Insurance Company,""
Everest Reinsurance Company,""
"Everest Reinsurance Company (Ireland), dac (Zurich Branch)",""
Everfield,everfield.com
"Evergreen Roadworks Company, LLC",""
EVERY™,""
Evolent Health International Private Limited,evolent-health.com
Evolent Health LLC,evolent-health.com
"Evolent Specialty Services, Inc",evolent-health.com
"EVO Payments Mexico, S. de R.L. de C.V.",""
"Excalibur Hotel and Casino, LLC",""
Exceptional Healthcare Inc.,""
Exeon Analytics,""
EXL Exlar Corporation,""
Expedia Group,expediagroupinc.com
Exponent Energy,""
Export Development Canada,""
Extentia Information Technology Private Limited,""
Extreme Group Holdings LLC,""
Ezidebit AUS,""
F01 United Parcel Service LLC & Co. OHG,""
"F1650 Clarion Partners, LLC",""
FAB,""
"Fairfield Fitness, LLC",""
Fairfield Inn Erie,""
Fairfield Inn Vacaville,""
Fair Haven Community Health Care,fhchc.org
Faithful+Gould Saudi Arabia Limited,""
Family Medical Centers of AZ,""
Farnsworth Art Museum,""
Fast Shop,""
FCB Farris Engineering,""
FCC Curtiss Wright Flow Control Corp,""
FCS Curtiss Wright Flow Control Service LLC,""
Ferrous Processing and Trading Company,""
Fever (Spain),""
Fibrelite Composites Ltd,""
Fidelity Private Shares LLC,""
First Canada ULC,""
First Data Cono Sur S.R.L,""
First Data GmbH,""
FIRST GROUP AMERICA INC,""
First Hawaiian Bank,fhb.com
FIRST MANAGEMENT SERVICES LLC,""
FIRST STUDENT MANAGEMENT LLC,firststudentmanagement.com
FIS Solutions (India) Private Limited - Bangalore,""
F.I.S. Systems (Middle East) Limited,""
"Fit Kit, Inc.",""
FJ Management (corporate),""
Flatiron Health,flatiron.com
"Fleetwood Metal Industries, Inc.",""
Florence Health,""
(Florida Hospital Weston) Cleveland Clinic Florida Health System Nonprofit Corporation,""
Floyd Valley Healthcare,""
Fluid Handling LLC,""
FMC Freedom Mortgage Corporation,""
Foco Aluguel de Carros,""
Forest Glen Plaza Fitness LP,""
Forestry Department,""
Fort Mill Hosp PMN,""
Forward1 Germany GmbH,""
"FORWARD, INC.",forwardinc.net
Foundation Health Canada,""
Foxconn Industrial Internet - FII,""
FR00 Agilent Technologies France SAS,""
FR10326556578 Thermo Electron SAS,""
FR17 MDLZ FR R&D,""
FR22 MDLZ FR Sales,""
FR31 MDLZ FR Service Company,""
FR52 MDLZ FR Biscuits,""
FRA 03 AAG Auto Diffusion Du Finistere Adf,""
FRA 04 AAG Alliance Automotive Ouest,""
FRA 09 AAG Le Hello,""
FRA 13 AAG Steima Plsn,""
FRA 18 AAG Normandie Accessoires,""
FRA 19 AAG Alliance Automotive Paris Nord C,""
FRA 31 AAG Alliance Automotive Group,""
FRA 3M France S.A.S.,""
FRA 50 AAG ALLIANCE AUTOMOTIVE FRANCE,""
FRA 51 AAG Alliance Automotive Grand Est,""
FRA 78 AAG Etablissements L.Barrier,""
FRA AH AAG Todd Gt,""
Fractal Ink Design Studio Private Limited,""
FRA EMFI SAS,""
"Frank Productions, LLC",""
Freehand Chicago,""
Freehand Los Angeles,""
Friendship Hospital for Animals,""
Frontier Agriculture,""
Frost Bank,frost-bank.live
"Frost Insurance Agency, Inc.",""
FTI Consulting Capital Advisors (Singapore) Pte Ltd.,""
FTZ Fritz,""
Fugro NL Land B.V.,""
Futures Gate Kingston Fitness LP,""
FWD Technology and Innovation Malaysia Sdn Bhd,""
G02 United Parcel Service Deutschland S.a r.l. & Co. OHG,""
"G175 GL LBT, LLC",""
Gaskins + LeCraw,""
GB00 Agilent Technologies LDA UK Limited,""
GB02 MDLZ UK Sales,""
GB07 Agilent Technologies LDA UK Limited,""
GB08 MDLZ UK Reading Science,""
GB09 MDLZ UK Cadbury UK Ltd,""
GB12 GBR FMC Renal Services UK Ltd,""
GB12 MDLZ UK Holdings&Services,""
GB20 Agilent Technologies LDA UK Limited,""
GB21 MDLZ UK Procurement Co,""
GB31 MDLZ UK Service Company,""
GB51 MDLZ UK Confectionery Prd,""
GBA5 EntServ UK Limited,dxc.com
"GBH UKHS Great Bend, LLC",""
GBR27 Asset Plus Energy Performance Ltd,""
GBR 3M United Kingdom Public Limited Company,""
GBR KCI Medical Limited (UK),""
"GD Information Technology, Inc.",""
GDIT (General Dynamics IT),""
Gearbox,""
"GEK, INC.",""
Genalta Recycling Inc.,""
Genentech (Roche),""
General Mills Int'l Sàrl,""
General Scrap Inc.,""
Generate,generatecapital.com
Genesis Minerals Limited,""
Geneva Rock Products,clydeinc.com
Genuine Canadian Corporation,""
Gerrard Square Fitness LP,""
Gettysburg College,""
"GHI Gateway Healthcare, Inc.",""
GIA Glenlake Insurance Agency Inc,""
GiveCampus,givecampus.co
Glacier Fish,""
Glean,glean.ai
GliaCell Technologies,""
Global Life Sciences Solutions Poland Sp. z o.o.,""
Global Payment Holding Company,""
"Global Payments Asia-Pacific (Hong Kong) Limited, Taiwan Branch",""
"Global Payments Asia-Pacific Philippines, Incorporated",""
Global Payments Asia Pacific Processing Company Limited,""
Global Payments Asia-Pacific Singapore Private Limited,""
Global Payments Canada GP,""
Global Payments Card Processing Malaysia Sdn. Bhd.,""
Global Payments Europe,""
"Global Payments Europe, S.R.O.",""
Global Payments Mexico,""
Global Payments Process Centre Inc.,""
Global Payments s.r.o. Czech,""
"Global Payments Technology, S.A. de C.V.",""
Global Payments (TSYS),""
Global Payments UK Ltd,""
GM Financial United States,gmfinancial.com
GoHealth Urgent Care,""
Golden Pet Brands,goldenpetbrands.com
Goldenwest Credit Union,""
Good Samaritan Medical Center,""
Goodwill Industries of Northern WI and Upper MI,""
Goodwin Procter LLP,""
Goodwin Procter (UK) LLP,""
GoTo Group,""
GovWell,govwell.com
GPA (Pão de Açúcar / Extra),""
GR02 MDLZ Hellas SA,""
GR31 MDLZ GR Service GmbH,""
Graduate Providence,""
Grand America Hotels & Resorts,""
Grand Bohemian Lodge Asheville,""
"Grand Prairie Transit, Inc.",""
Granite State Manufacturing,""
Grant Thornton - US,""
"Graybar Electric Company, Inc.",""
Greater Philadelphia Growth - Highgate Hotels,""
Greater Texas Healthcare Enterprises,""
Grecotel,""
Greenlife Healthcare Staffing,""
Greif Embalagens Industriais do Brasil Ltda,""
Greif Italy S.r.l,""
GRID eSports GmbH,""
gritmind,""
Grupo QuintoAndar,""
GSV UPS General Services,""
Guangdong Carat Media Services (China) Limited,""
"Guidewire Software, Inc. (US)",""
H1,""
H54 Wells Fargo Securities Europe,""
HALA,""
"Halyard North Carolina, LLC",""
Hampton Inn Chandler,""
Hampton Inn Fort Wayne,""
Hampton Inn Laredo,""
Handshake,""
Hanwha Renewables,""
Harry's,""
"Hartselle Fitness, LLC",""
HAVAS 28,""
Havas Forward Media UK Ltd,""
Havas Market UK Ltd,""
"Havas Media Czech Republic, s.r.o",""
Havas Media France,""
Havas Media Germany GmbH,""
Havas Media Group Spain,""
Havas Media Perú Sac,""
Havas Media Srl,""
Havas Play,""
Hawaii Growth - Honolulu,""
HawkEye 360,""
Hayes Locums,hayeslocums.com
"HBK Engineering, LLC",hbkengineering.com
HC Brands,""
"HCC Service Company, Inc.",""
HCC Service Co. UK Branch,""
HealthLink (Fitness Center),""
HeartSine Technologies Limited,""
Heidelberg Materials Benelux,""
HEI Hotels & Resorts,""
HelloBetter,""
HemoCue AB,""
Hendricks Community Hospital,hendrickshospital.org
"Henry Schein Canada, Inc.",""
Henry Schein Dental Austria GmbH,""
Henry Schein Dental Deutschland GmbH,""
Henry Schein Services GmbH,""
"HFP Conrow Central, LLC",""
"HFP Crosbie, LLC",""
"HFP Energy Corridor, LLC",""
"HFP Friendswuud, LLC",""
"HFP Gulfgate, LLC",""
"HFP Humbull, LLC",""
"HFP Kingwood, LLC",""
"HFP New Caney, LLC",""
"HFP Sugar Creek, LLC",""
"HFP Westfield, LLC",""
"HFP Willis, LLC",""
Hi-Desert Medical Center,""
Higher Education Coordinating Commission,""
Highgate Hotels Corporate Office - NY,highgate.com
Highgate Hotels Corporate Office TX,""
"Highland Square Fitness, LLC",""
"Hiller Plumbing, Heating, Cooling & Electrical",""
Hilton Atlanta Airport,""
Hilton Boston Back Bay,""
Hilton Garden Dallas,""
Hilton Garden Doheny,""
Hilton Garden Inn Davis Downtown,""
Hilton Garden Inn Times Square Central,""
Hilton Grand Vacations,""
Hilton New Orleans/St. Charles Avenue,""
Hilton Richmond,""
Hilton San Antonio,""
Hilton Shreveport,""
Hilton Tempo Nashville,""
HITACHI DIGITAL LLC,""
Hitachi Digital Services LLC,""
HITACHI ENERGY TECHNOLOGY S.A.E.,""
Hitachi Federal Corporation,""
HITACHI VANTARA S.A. (ARGENTINA),""
HMC Saint Luke's Hospital of Chillicothe,""
Hogan & Associates Construction,""
Hollywood Casino at Charles Town Races,""
Hollywood Casino at Penn National Race Course,""
Hollywood Casino Morgantown,pennentertainment.com
Hollywood Casino Tunica,""
Hollywood Casino York,""
Hollywood Gaming at Dayton Raceway,""
Home2 Suites Alpharetta,""
Home2 Suites by Hilton Lake Mary Orlando,""
HomeBuilt,""
Homewood Suites Corpus Christi,""
Homewood Suites Roseville,""
"Honda Aircraft Company, LLC",""
"Honda Dev. and Mfg. of Am.,LLC",""
Honda Racing Corporation USA,""
Honda Trading America Corp.,""
Honeycomb (observability),""
Horizon Air,""
HOSP Saint Luke's Health System Home Care and Hospice,""
"Hostess Brands, LLC",""
Hotel Caza San Francisco,""
Hotel Contessa,""
Hotel Crescent Court,""
Hotel Figueroa,""
Hotel Management Services LLC,""
"Hotel Per La, Autograph Collection",""
HOT-N-READY Mexico S.DE R.L. D,""
Houston Grand Hotel - River Oaks,""
HR-1 LLC,""
HSK3 Ha Noi Steel Pipe Limited Liability Company,""
HSN Inc,""
HU00 DXC Technology Magyarország Kft,dxc.com
HU50 MDLZ HU Production,""
HUDSON BAYLOR BEACON LLC,""
HugeInc,""
Human API Technologies S. DE R.L DE C.V Company,""
Humanity & Inclusion (Handicap International),""
HUN 3M Hungaria KFT.,""
HUNGRY JACK'S CARLISLE PTY LTD,""
Hungry Jack's Pty Ltd,""
Huntington Bancshares,""
Huntington San Francisco,""
HV Global Management Corporation,""
Hwy 27 Woodbridge Fitness LP,""
Hyatt Braintree,""
Hyatt Caption Nashville,""
Hyatt House Belmont,""
Hyatt House Las Colinas,""
Hyatt Regency Dulles,""
Hyatt Regency Greenwich,""
Hyatt Regency Jersey City,""
Hyatt Regency Sonoma,""
Hyatt Regency Times Square,""
Hyatt Tampa,""
Hyperbolic Labs,hyperbolic.ai
Hyponex Corporation,""
I00893 General Electric Deutschland Holding GmbH,""
I00M05 Wipro GE Healthcare Private Limited,gehealthcare.com
I30 Igs Philippines Ascs,""
Ibex Medical Analytics,""
"ICUC/iProspect Moderation services, Inc.",""
ID15 Mondelez Indonesia TDG,""
ID Business Solutions Limited,""
IDN P.T. 3M Indonesia,""
IE00 Agilent Technologies Ireland Limited,""
IE02 MDLZ IE Sales,""
IE31 MDLZ IE Service Company,""
IE50 MDLZ IE Production LTD,""
IEES Global EntServ Solutions Galway Limited,dxc.com
IFS Nexus Black,""
IIX Global,""
IM01 Shell Ship Management Ltd,""
Immersive,immersivelabs.com
Impact Scale LLC,""
Impact Workforce Solutions,impactworkforcesolutions.com
IN00 Agilent Technologies India Pvt Ltd.,""
IN01 Agilent Technologies (International),""
IN03 Mondelez IN Foods Pvt Ltd,""
IN05 Business Services,""
IN05 Pall India Pvt Ltd,""
INA7 EIT Services India P. Ltd [Formerly Hewlett Packard Global Soft India P.Ltd],dxc.com
IN_CSS Randstad Global Capability Center Private Limited,""
IND 3M Global Tech Center PVT LTD,""
IND 3M India Limited,""
Indiana University (academic positions),""
Indigo,""
IND KCI Medical India Private limited,""
Indra Group UK & Ireland,""
Industrialist Pittsburgh,""
INES EIT Services India P. Ltd [Formerly Hewlett Packard Global Soft India P.Ltd],dxc.com
INET EIT Services India P. Ltd [Formerly Hewlett Packard Global Soft India P.Ltd],dxc.com
Infinity Insurance Company,""
Infonox Software Private Ltd,""
Inkomoko,""
IN_MFM_L Randstad India Private Ltd,""
Innovative Defense Technologies,""
IN_RSM Randstad Enterprise Private Limited,""
Insify,""
Insurify,insurify.com
INTEC CME India Pvt Ltd,""
Integra NeuroSciences Ltd,""
"Integrated Specialty Coverages, LLC",""
Inter Carreiras,""
InterContinental Times Square,""
International Rescue Committee,""
Interpro Pipe & Steel Inc.,""
Interpro Recycling,""
Intuit,intuit.com
"ION Media Networks, Inc.",""
iProspect Chile SpA,""
iProspect Colombia S.A.S.,""
Iprospect Conseil France SAS,""
iProspect France SAS,""
iProspect Hong Kong Limited,""
Iprospect Media S.A.,""
iProspect Polska Sp. z o.o.,""
"iProspect (Shanghai) Advertising Co., Ltd.",""
"iProspect (Thailand) Co., Ltd.",""
IRL AAG Alliance Automotive Group Ireland Limited,""
IRL KCI Manufacturing Unlimited Company,""
IRL Solventum Digital Science Community Limited,""
IronUnits LLC,""
Isobar Polska Sp. z o.o.,""
"Isobar Taiwan Co., Ltd.",""
IT00 Agilent Technologies Italia SpA,""
IT30 Agilent Technologies Italia SpA,""
IT40 Enterprise Services Italia S.r.l.,dxc.com
IT43 Enterprise Tech Partners Italia S.r.l.,dxc.com
ITA 3M ITALIA s.r.l.,""
ITA Solventum Italy s.r.l.,""
ITI Indal Technologies Inc,""
itsme®,""
J02 UPS TURKEY,""
"Jax One Fitness, LLC",""
"Jax Three Fitness, LLC",""
JazzHR 'landing' board (unconfirmed),""
JCDecaux Australia,""
Jefferson College (Missouri),""
J. M. Smucker LLC,""
jobs.jobvite.com,""
jobs.tenethealth.com,""
JOEY Restaurants,""
John F. Kennedy Memorial Hospital,""
"JP001 Marsh Japan, Inc",""
"JP00 Agilent Technologies Japan, Ltd.",""
"JPES DXC Technology Japan, Ltd.",dxc.com
JPN Solventum Japan Innovation Ltd. (Suriiemu Herusukea Japan Inobeishon Kabushiki Kaisha),""
"JRJ Investments, Inc.",desertaudi.com
JSL,""
Judicial Department,""
Juicebox,juicebox.ai
"Juvo Ventures, LLC",""
JW Marriott Anaheim,""
K78 POLAND BRANCH - UPS CAPITAL VERSICHERUNGSVERMITTLUNG GMBH,""
Kamtek Inc.,""
Kansas Health System,""
Kaplan International,""
Kautex,""
Kavak,""
"KDS Kohl's, Inc.",""
Kee Container Services L.L.C.,""
Keller Executive Search,""
"Kennesaw ANUSA, LLC",""
Kentucky Power Company,""
"Keystone Automotive Operations, Inc.",""
Key West Collection,davidsonhospitality.com
KH Aerospace,""
KIK Consumer Products,""
Kimpton Brice Hotel,""
Kimpton Hotel Theta,""
Kimpton Shorebreak Hotel,""
Kimpton Sylvan Hotel,""
Kingsport Power Company,""
Kinisla,""
"KIN KIN, Inc.",""
"KIZ Kohl's Indiana, L.P.",""
KK DayOne Data Centers Japan,""
KMP Kansanshi Mining PLC,""
Kneaders,""
Knickerbocker,""
KoBold Metals Zambia,""
Kodify,""
Kohl's,""
KOR 3M Korea Co Ltd,""
Korea: Mastercard International Korea Ltd.,""
"KOR Solventum Korea Co., Ltd.",""
KPMG Global Services,""
KPMG New Zealand,""
KR00 Agilent Technologies Korea Ltd.,""
KREWE Anesthesia,""
KSA Engineers Inc.,""
Kuda Technologies,""
"KVS Kohl's Value Services, Inc.",""
LAB-Jones Lang LaSalle Services Sr,""
Laborie Medical Technologies Corp,""
Ladgov Corporation,ladgov.com
Lakes Regional Healthcare,""
La Quinta New Orleans Airport,""
"Laredo Fitness, LLC",""
Larry H. Miller Company,""
"Las Vegas Arena Management, LLC",""
Las Vegas Sands Corp.,""
"LAT UPS Latin America, Inc.",""
L'auberge Casino Resort Lake Charles,""
LCS Lifespan Corporate Services d/b/a Brown University Health,""
LE0001 Relativity ODA LLC,""
LE0002 Relativity Poland sp. z o.o.,""
LE0003 Relativity Global LLC,""
"LE001 ATL Hawks, LLC.",""
"LE001 Canal Barge Company, Inc.",""
LE10 AstraZeneca UK-RO Levant Company,""
League Inc.,""
Leap,leaphealth.com
Leap Brands,""
LEAP Legal Software,""
LECHEM HOUSE PTY LTD,""
Ledger Bennett Ltd,""
"Lee Container Iowa, LLC",""
LEGO,""
Le Meridien Central Park,""
"Le Meridien Columbus, The Joseph",""
Le Meridien Stoneleigh,""
Levi Strauss & Co.,""
LexisNexis Business Information Solutions B.V. Company,""
LexisNexis Canada Inc. Company,""
LexisNexis Japan KK Company,""
LexisNexis Malaysia Sdn Bhd Company,""
LexisNexis NZ Limited Company,""
LexisNexis (Proprietary) Limited Company,""
LexisNexis Risk Solutions Inc. Company,""
LexisNexis SA Company,""
LexisNexis Verlag ARD ORAC GmbH Company,""
"LFS Lineage Foodservice Solutions, LLC",""
"L G Sourcing, Inc.",""
LHC New Liberty Hospital Corporation,""
Lifepoint Health,""
Lightning Labs,""
Lindsay Square Fitness LP,""
Lineage Logistics,""
LINE Company Thailand,linecorp.co.kr
LINE Pay Plus,linecorp.com
LINE Plus,linecorp.com
LINE Taiwan,linecorp.co.kr
Little Caesar Enterprises Inc.,""
"Little Caesar of Canada, ULC.",""
LiveKit,livekit.io
Live Nation Holdings Australasia Pty Ltd,""
LJ Hart and Company,""
"LLL Lineage Logistics, LLC",""
LLMP Lineage Logistics Mandai Pte. Ltd.,""
"LLS Lineage Logistics Services, LLC",""
LNW Gaming Asia Limited,""
Localiza&Co,""
Lojas - GPA,""
Lojas Renner,""
London Hire Group,londonhireltd.com
London Northwest Fitness LP,""
Lone Wolf Technologies,""
Loraas Disposal North Ltd.,""
LORS Lineage Logistics ORS Ltd.,""
Lotte New York Palace,""
Lower Sackville Fitness LP,""
Lowes,""
Lowe's,""
"Lowe's Companies, Inc.",""
Lowe's Company India,""
"Lowe's Home Centers, LLC",""
"LSS Lifespan School Solutions, Inc. d/b/a The Bradley Schools",""
L.S. Starrett Company,""
LTA Research,""
"LTRAN Lineage Transportation, LLC",""
LU010 Forvis Mazars,""
LU020 Forvis Mazars Advisory Services,""
LufCo,""
LUKAL Lineage UK Admin Limited,""
LUKTL Lineage UK Transport Limited,""
LUKWL Lineage UK Warehousing Limited,""
Lumenaza GmbH,""
"Luxor Hotel and Casino, LLC",""
Lyka,mylyka.com
M05 UPS GLOBAL BUSINESS SERVICES CO,""
M07 BRAZIL SMALL PACKAGE,""
M10 United Parcel Service de Mexico S.A. de C.V.,""
"M111 Trans World International, LLC (dba IMG Media)",""
M3,""
M337 IMG Media Limited,""
MA02 MDLZ Morocco,""
MAA-Jones Lang LaSalle BV,""
"Mack Road Fitness, LLC",""
Maersk A/S Branch Japan​,""
Maersk Georgia LLC,""
"Maersk Line, Limited",""
Magic Eden,""
Magna Automotive Services GmbH,""
MAGNA Body & Chassis Hungary Kft.,""
Magna Electronics Bangalore India,""
Magna Exteriors Inc.,""
Magna PT B.V. & Co. KGaA,""
"Main Event Entertainment, Inc.",""
"Main Event SE, Inc.",""
Maison Metier,""
Make-A-Wish America,""
Manara,""
"Mandalay Bay Resort and Casino, LLC",""
"Mandalay Place, LLC",""
"M and M Heating, Cooling, Plumbing and Electrical",""
Manhattan at Times Square,""
"Manhattan Institute for Policy Research, Inc.",""
Mapleton Plaza Moncton Fitness LP,""
Margaritaville Resort Casino,""
Margaritaville Resort Lake Tahoe,""
Margaritaville Vacation Club by Wyndham,""
Markel Canada Limited,""
Markel Insurance SE,""
Markem-Imaje India Private LTD,""
Markem-Imaje Limited,""
"Markem-Imaje Spain, S.A.U.",""
Marriott Baltimore Inner Harbor,""
Marriott Costa Mesa,""
Marriott Jacksonville,""
Marriott La Jolla,""
Marriott Pittsburgh City Center,""
Marriott San Ramon,""
Marriott Virginia Beach,""
Marriott Westchester,""
Marshalls of Elizabeth NJ,""
Masergy Philippines Inc.,""
MassMutual Global Business Services India LLP,""
MasterBUILT Hotels Ltd.,""
MAT Bus Corp (NY),""
MAT Bus Corp (PA),""
Match Group,""
Matrix42,""
Matterport Japan K.K.,""
Matterport Sales UK Ltd.,""
"Matthew Bender & Company, Inc. Company",""
Mawave Marketing GmbH,""
Mayor and City Council of Baltimore,""
"MBE The UPS Store, Inc",""
MCD Productions Limited,""
Medallion Bank,""
"Medefis, Inc.",""
Medical Action Industries,""
Medline,lmana.com
Medline Assembly Slovakia,lmana.com
Medline Austria GmbH,lmana.com
Medline Canada Corporation,""
Medline Healthcare Industries Pvt. Ltd,lmana.com
Medline Industries India Pvt. Ltd.,lmana.com
"Medline Industries, LP",lmana.com
Medline International Belgium BV,lmana.com
Medline International BV,lmana.com
Medline International France Chateaubriant,lmana.com
Medline International France SQY,lmana.com
Medline International Germany GmbH,lmana.com
Medline International Iberia SLU,lmana.com
Medline International Two Australia Pty Ltd,lmana.com
Medline Operations France Le Coudray-Montceaux,""
Medline Operations Germany GmbH,lmana.com
Medline Vietnam Trading Company Limited,lmana.com
Medtrans LLC,medtrans.ai
MeisterLabs Software GmbH,""
Melita Group,""
Meow,""
Merastar Insurance Company,""
Mercadinhos São Luiz,""
"MERCADOS Y ANALISIS, S. A (ES52)",""
Merck (MSD),""
Merit Medical,""
Merivale Mall Ottawa Fitness LP,""
"Merkle Business Information Consultancy (Shanghai) Co., Ltd.",""
Merkle CXM Spain S.L.U.,""
Merkle d.o.o. Beograd-Vracar,""
Merkle EOOD,""
Merkle Nederland CX B.V.,""
Merkle Nederland CXM B.V.,""
Merkle technologies s.r.o.,""
"MerkleTech, Unipessoal Lda",""
Merlin Labs,""
Mesquite Modules Corporation,""
Methodist Health System (Dallas),""
Metrowest Medical Center,""
"MEX 3M Mexico, Sociedad Anonima de Capital Variable",""
MEX Aearo Technologies De Baja S.A. de C. V.,""
"MEX Edumex, S.A. de C.V.",""
Mexico Growth - Highate Hotels,""
MEX MOT Motion Mexico S DE RL DE CV,""
MEX Solventum Mexico S. de R.L. de C.V.,""
"MEX Solventum Purification, S. de R.L. de C.V.",""
"MGM National Harbor, LLC",""
MGM Resorts,""
"MGM Resorts International Operations, Inc.",""
"MGM Resorts Satellite, LLC",""
"MGM Springfield, LLC",""
"MGM Yonkers, Inc",""
MHS Brown University Health Taunton,""
"Mia Labs, Inc.",""
Miami County,""
Miami University (Ohio),""
Michigan State University (Residential & Hospitality Services),""
MIC Metal Improvement Co LLC,""
Microtek Dominicana SAS,lmana.com
"Midland Manufacturing, LLC",""
"Milestone Contractors, L.P.",""
Millennium Hotel and Resorts UK,""
Millennium Times Square,""
Missions Inc Programs,""
Mission Trail Baptist Hospital,""
Mitsui Sumitomo Insurance Company of America,""
"Mitsui Sumitomo Marine Management (USA), Inc.",""
"MKTG, Inc",mktginc.com
MLA Latin America,""
MNTN,mountain.com
Mobimeo GmbH,""
ModernHaus SoHo,""
Modern Intelligence,""
ModMed,""
ModMed Technologies India Private Limited,""
Momentic Studios,""
Monarch - Company,""
Mondelez International,""
MoneyHero Group,""
Moniepoint,""
Monster Energy LATAM,""
"Moog Australia Pty., Ltd.",moog.com.au
Moog B.V.,""
Moog Controls (India) Pvt. Ltd.,moog.de
Moog Controls Ltd.,moog.de
Moog Inc,moog.de
Moog India Technology Center Pvt. Ltd.,moog.de
Moog Italiana S.r.l.,""
Moog Japan Ltd.,moog.de
Moog MDG SRL,moog.de
Moog Military Aircraft LLC,moog.de
Moog Wolverhampton Limited,moog.de
Mosaic Fertilizantes,""
Moss & Associates LLC,""
Moss New York LLC,""
MPC Bus Corp,""
"MPIA Medical Plaza Imaging Associates, LLC",""
M Resort,""
MS0069 GE Healthcare Danmark A/S,""
MS0228 GE Healthcare SAS,""
"MSM-174 Medline Soluciones Medicas, S. de R.L. de C.V.",lmana.com
M Social Downtown,""
M Social Times Square Hotel,""
MTA M.T.A. SRL,""
MTM (Medicaid transportation),""
Mujin,""
MUKA METAL,""
"Mullinax Ford North Canton, Inc.",""
"Multnomah County, OR",""
Murgado Automotive Group,""
MVI Lineage Logistics MVI Ltd,""
MX00 Agilent Technologies Mexico,""
MX02 Mdlz Mexico,""
"MXC-686 Productos Medline Mexicali, S. de R.L. de C.V.",lmana.com
MXES Entserv Enterprise Services Mexico S. de R.L. de C.V.,dxc.com
"MX Technologies, Inc.",""
MY02 Mondelez Malaysia (Sales),""
MY03 Agilent Technologies LDA Malaysia,""
MY20 EntServ Malaysia Sdn. Bhd.,dxc.com
Myriad Technology,""
MYS 3M Malaysia Sdn. Bhd.,""
Mysten Labs,mystenlabs.com
Nacho Business LLC,""
Nacogdoches Medical Center,""
"NAS Nachurs Alpine Solutions, LLC",""
"National Audubon Society, Inc.",""
National Financial Services LLC,""
National Football League,""
National Lutheran Communities & Services,""
National Reconnaissance Office (NRO),nro.gov
"Natomas Fitness, LLC",""
Nature's Sunshine Products,""
Navion Senior Solutions,""
Navos,""
NCS Curtiss-Wright Wimborne Limited,""
"Nelnet Servicing, LLC",""
"Nelson Laboratories, LLC",""
"Nelson Stud Welding, Inc.",""
NEM Energy,""
Netlight,""
Network Technology Services,spectrum.com
NeuroRx,""
New Como Ltd,""
New Jersey Growth,""
Newsela,newsela.com
New Sudbury Fitness LP,""
New York City Growth - Highgate Hotels,""
"New York-New York Hotel & Casino, LLC",""
NewYork-Presbyterian,""
New Zealand Transport Agency,""
Next Health,""
NG02 Cadbury Nigeria PLC,""
NIKE Retail Austria,""
NiSource,nisource.com
Nissan Canada Finance Inc.(NCF),""
Nissan Canada Inc.(NCI),""
Nissan Do Brasil Automoveis Ltda. (NBA),""
"Nissan Mexicana, S.A. De C. V.(NMEX)",""
"Nissan Motor Co., Ltd.",""
Nissan Motor Egypt S.A.E.,""
Nissan Motor (GB) Ltd.,""
Nissan Motor India Pvt. Ltd,""
"Nissan North America, Inc. (NNA)",""
Nissan West Europe S.A.S.,""
NL4 Trane Netherlands BV,""
NLD 3M Nederland B.V.,""
NLD AAG Alliance Automotive Group B.V.,""
NLD AAG Alliance Automotive Services B.V.,""
NLD AAG Prepaire Bodyshop Support B.V.,""
"NLDC-173 Nuevo Laredo Directo Al Cliente, S. de R.L. de C.V.",lmana.com
"NLEX Enterprise Services International Trade B.V., Saudi Arabian Branch",dxc.com
NMC,""
NO01 Essity Norway AS,""
NO50 MDLZ NO Production AS,""
"Nolensville Fitness, LLC",""
Nomad GCS,""
Noorda College of Osteopathic Medicine,""
Nordion (Canada) Inc.,""
"Northampton Fitness, LLC",""
North Central Baptist Hospitals,""
Northeast Baptist Hospital,""
"North Highlands Fitness, LLC",""
North Houston Pole Line LP,nhplc.com
North Orange County CCD,""
North Sea Terminal Bremerhaven Gmbh and Co KG,""
Northshore Mining Company,""
"Northstar Energy Solutions, LLC.",nses.com
"North Versailles Fitness, LLC",""
"Northwest Financial Group, Inc.",""
"Norwood Fitness, LLC",""
NOW Courier,""
NPT Newport Hospital,""
NR Finance Mexico S.A. de C.V.,""
"NR Finance Services, S.A. de. C.V (NRFS)",""
Numa,numastays.com
"NuVasive, LLC",""
NYP/Brooklyn Medical Group,""
NYP/Hudson Valley Hospital,""
NYP/Hudson Valley Medical Group,""
NYP/Lawrence Hospital Community Health Services,""
NYP/Queens Hospital,""
NYP/Queens Medical Group,""
Nypro Limited,""
NyproMold Inc.,""
NYP/Westchester Medical Group,""
NYU Langone,""
NZ03 Mondelez New Zealand,""
NZES DXC Enterprise NZ,dxc.com
NZL 3M New Zealand Limited,""
NZL AMX Superstores Pty Ltd,""
NZL GPC Asia Pacific New Zealand Pty Ltd,""
NZL MOT Motion New Zealand Limited,""
NZTRSL Lineage NZ TRS Limited,""
Odyssey Hotel Group,""
Offchain,""
Ogilvy Australia,""
Ohio Power Company,""
Ohio State University,osuwexmedlivingdonor.org
Ohpen,""
"OK International, Inc.",""
OLIPOP,""
OLIVER Agency - Mexico,""
Olympia Entertainment Inc.,""
OM001 Marsh Oman Llc,""
Oma Fertility,""
"OMC Olathe Medical Center, Inc.",""
"Omega CRM Consulting, S.L.U.",""
"O&M Halyard, Inc",""
OMKAR FOODS PTY LTD,""
Omni Hotels & Resorts,omnihotels.com
On,""
ON2IT B.V.,""
"On Location Events, LLC",""
"On Location LA, LLC",""
ON THE RUN PTY LTD,""
Oowlish Technology,""
OpenRouter,openrouter.ai
Oportunidades Grupo Zaffari,""
OpsLevel,""
Optics11,""
Optimile,""
Orca,""
Oregon Department of Aviation,""
Oregon Department of Education,""
Oregon Health Authority,""
Oregon Housing and Community Services,""
Oregon Liquor & Cannabis Commission,""
Oregon Medical Board,""
Oregon State Department of Police,""
Oregon Steel Mills LLC,""
Oregon Youth Authority,""
Ortho Missouri,""
OSARO,""
Oscar Health,""
Other Executive,""
Other Staff,""
Otis,""
ottonova Holding AG,""
Ōura,""
Owens & Minor,""
Owens & Minor Distribution Inc.,""
Owens & Minor Medical Inc.,""
P01 UPS ASIA GROUP PTE LTD,""
P02 UPS Pty Ltd,""
P03 UPS Parcel Delivery Service Ltd.,""
P05 UPS Korea Small Package,""
P06 Malaysia Small Package,""
P12 UNITED PARCEL SERVICE SINGAPORE PTE LTD,""
P14 Thailand Small Package,""
P15 Taiwan Small Package,""
P21 UPS Japan Express,""
P26 UPS Express Private Limited,""
P27 Clark Air Hub,""
P28 UPS JAPAN FREIGHT SERVICES,""
P37 UPS(Guangdong) Shaoxing Branch,""
P75 UPS Outsourcing Services Anhui,""
P77 UPS(Guangdong) Hefei Branch,""
"PA20 Enterprise Services Panama, S. de R.L.",dxc.com
Pagaya Israel,""
PagBank (PagSeguro),""
Pagoda Hotel,""
Pago Facil Tecnologia SpA,""
Pagos y Servicios S.A.,""
PainPoint Health,painpointhealth.com
"Palatka Fitness, LLC",""
"Paley Institute Global, LLC",""
Palm Beach Gardens Medical Center,tenethealth.com
"Palm Coast 2 Fitness, LLC",""
Paloaltonetworks,""
Palo Alto Networks APAC Pte. Ltd.,""
Palo Alto Networks (Australia) Pty Ltd,""
Palo Alto Networks (Brasil) Ltda.,""
Palo Alto Networks (Canada) Inc.,""
Palo Alto Networks (Czech) SRO,""
Palo Alto Networks Denmark ApS,""
Palo Alto Networks (Finland) Oy,""
Palo Alto Networks (GEO) B.V.,""
Palo Alto Networks (Germany) GmbH,""
"Palo Alto Networks (Iberia), S.L.",""
Palo Alto Networks (India) Private Limited,""
Palo Alto Networks (India) Technologies Private Limited,""
Palo Alto Networks (Israel Services) Ltd.,""
Palo Alto Networks (Italy) S.R.L.,""
Palo Alto Networks Kabushiki Kaisha,""
Palo Alto Networks K.K.,""
"Palo Alto Networks (Malaysia), LLC",""
Palo Alto Networks (Mexico) S. de R.L. de C.V.,""
"Palo Alto Networks (Netherlands) B.V., France Branch",""
Palo Alto Networks (Netherlands) B.V. (Singapore Branch),""
Palo Alto Networks (Poland) SP. ZO. O,""
"Palo Alto Networks Public Sector, LLC",""
Palo Alto Networks (QFC) LLC,""
Palo Alto Networks (Saudi Arabia) LLC,""
Palo Alto Networks (Singapore) Pte. Ltd. Philippine Branch,""
Palo Alto Networks Sweden,""
Palo Alto Networks (Switzerland) GmbH,""
Palo Alto Networks (UK) Ltd.,""
"PanEnergy Services, LP",""
"PAN LLC, Thailand",""
"Pape-Dawson Consulting Engineers, LLC",""
"Pape-Dawson, Florida",""
"Pape-Dawson, Georgia",""
"Pape-Dawson, Tennessee",""
Paragon Digital Services Private Limited,""
Park Central Hotel,""
Park Lane,""
"Park MGM, LLC",""
Park Shore Waikiki,""
Parqet,""
"PAR Western Line Contractors, LLC",""
PatientPoint,""
Pattern,""
"Pavilions Fitness, LLC",""
Paxos Labs,""
Paxton Access,""
Pay and Shop Ltd,""
PayU GPO,""
PDM-110 Productos Medline S.A. de C.V.,lmana.com
Peanuts Worldwide LLC,""
PECO,""
Pelham NOLA,""
Pentalver Transport Ltd,pentalvergroup.com
People First Bank,""
PEPCO,""
Perficient,perficient.com
"Permian Resources Management, LLC",""
Peterborough Lansdowne Fitness LP,""
PetLabCo,""
PGD Personal Genome Diagnostics Inc.,""
"PGP Title, Inc.",""
PH02 Mondelez Philippines Inc.,""
PH07 Mondelez Bus Services PH,""
"Pharmaceutics International, Inc.",""
"PHES EntServ Philippines, Inc.",dxc.com
"PHET Enterprise Services (AP) Limited, Philippines Regional Operating Headquarters",dxc.com
"PHL 3M Service Center APAC, Inc.",""
Phoenix Growth - Highgate Hotels,""
"Piedmont Physician Network, LLC",""
PII01 Polaris Industries Inc.,""
Pivotal,""
PK02 Mondelez Pakistan Limited,""
PL21 MDLZ PL Procurement GmbH,""
PL31 MDLZ PL Service GmbH,""
Plains Canada Liquid Pipelines ULC,""
Plains Marketing CA LLC,""
Plains Marketing LP,""
Plains Oryx Permian Basin Pipeline LLC,""
Plains Pipeline LP,""
Plains (Plains All American),""
Planned Parenthood Association of Utah,""
Planned Parenthood Great Plains,""
Planned Parenthood of Greater New York,""
Planned Parenthood of Northern New England,""
"Planned Parenthood of Southern New England, Inc.",""
PLES DXC TECHNOLOGY POLSKA sp. z o.o.,dxc.com
Plum (fintech),""
PNC Alliance LLC,""
PNC Bank Canada Branch,""
PNC Bank NA,""
"PNC Capital Finance, LLC",""
PNC Capital Markets LLC,""
PNC Financial Services Group,""
PNC Financial Services UK Ltd,""
PNC Investments LLC,""
PNC Wealth Management LLC,""
POL 3M Poland Employer,""
POL 3M Wroclaw Employer,""
Poland and Middle-Eastern Europe,""
POL Aptiv Services Poland S.A.,aptiv.com
POL GPC Global Technology Center,""
POL Solventum GBS Poland sp. z o.o.,""
POL Solventum Poland Manufacturing Sp. z o.o.,""
POL Solventum Poland sp. z o.o.,""
Population Health Management Services LLC,""
Posicion Digital S.A.S.,""
Positivo Tecnologia,""
PostHog,""
Poti Sea Port Corporation,""
Praxis Engineering Technologies LLC,""
Precisely US,""
Predium,""
PricewaterhouseCoopers Advisory Services LLC,""
PRICEWATERHOUSECOOPERS LLP,""
"Pride Transportation Services, Inc",""
Principal,principal.com
Principal Chile,""
Principal Global Services,""
PRL Peerless Instrument Co Inc,""
"ProAg Management, Inc.",""
"ProcureAbility, Inc.",""
Product and Technology,""
"Prog Leasing, LLC",""
Progressive Leasing (PROG Holdings),""
Prologis Germany Management GmbH,""
proLogistik Group,""
Pro-Pak Foods Ltd,pro-pakfoods.co.uk
PropHero,""
Protective,""
ProTrans BC Operations Ltd.,""
"ProTrials Research, Inc.",""
Provo City Corporation,""
"PRT SLVTM Portugal, Unipessoal Lda",""
PS0052 GE Energy Services France SARL,""
PSA-Jones Lang LaSalle ServicesApS,""
PSI01 Polaris Sales Inc.,""
PT02 MDLZ PT Sales,""
"PTC Therapeutics, Inc.",""
"PTC Therapeutics US, Inc.",""
PT. Dentsu Inter Admark Media Group Indonesia,""
PT. Dentsu Isopost Indonesia,""
PT DigitalLand Services Two,""
PT. Mahardhika Insani Adiwarna,""
PT Travel and Leisure Indonesia,""
Public Safety,""
Public Service Co. of OK,""
PUK Penny & Giles Controls Limited,""
Pulte Insurance Agency Inc.,""
Pulte Mortgage LLC,""
PwC US Business Advisory LLP,""
PwC US Consulting LLP,""
PwC US Group LLP,""
PwC US Tax LLP,""
Pyramid 905 Tampa Management LLC,""
Pyramid Advisors Limited Partnership,""
Pyramid Aten Management LLC,""
Pyramid Athens Downtown Management LLC,""
Pyramid AZB Management LLC,""
Pyramid Beacon Hill Management LLC,""
Pyramid Birmingham Campus Management LLC,""
Pyramid Blue Lagoon Management LLC,""
"Pyramid Bradley Management, LLC",""
Pyramid Broadway LLC,""
Pyramid Burlington Management LLC,""
Pyramid Cambridge Management LLC,""
Pyramid Cape Cod Management LLC,""
Pyramid Captiva Management LLC,""
Pyramid Carmel Management LLC,""
Pyramid Cayman Hotel Services Limited,""
Pyramid Chelsea Management LLC,""
Pyramid Chicago Management LLC,""
Pyramid Cleveland Management LLC,""
Pyramid Colorado Management LLC,""
Pyramid Commonwealth Management LLC,""
Pyramid Crotonville Management LLC,""
Pyramid Daytona Shores Management LLC,""
Pyramid Denver I Management LLC,""
Pyramid Downtown Berkeley Management LP,""
Pyramid Downtown Minneapolis Management LLC,""
Pyramid East Street Austin Management LLC,""
Pyramid FLM Management LLC,""
PYRAMID FOODS PTY LTD,""
Pyramid Fourth Street Management LP,""
Pyramid Gainesville Management LLC,""
Pyramid Hanover Management LLC,""
Pyramid JB Lodge Management LLC,""
Pyramid Kennebunkport Management LLC,""
Pyramid Lansing Management LLC,""
Pyramid Litchfield Management LLC,""
Pyramid LQR Management LP,""
Pyramid Manchester Management LLC,""
Pyramid Maryland Ave Management LLC,""
Pyramid MetroNorth Hotel LLC,""
Pyramid Miami Court Management LLC,""
Pyramid Missouri Management LLC,""
"Pyramid Murano Management, LLC",""
Pyramid Naples Bay Management LLC,""
Pyramid Naples Management LLC,""
Pyramid Nashville Management LLC,""
Pyramid Nashville Midtown Management LLC,""
Pyramid Newport Beach Management LP,""
Pyramid North Scottsdale Management LLC,""
Pyramid Palm Coast Management LLC,""
Pyramid Philadelphia Management LLC,""
Pyramid Port Charlotte Management LLC,""
Pyramid Raleigh II Management LLC,""
Pyramid Riverside Management LP,""
Pyramid Saddlebrook Management LLC,""
Pyramid San Antonio Management LLC,""
Pyramid Sarasota Management LLC,""
Pyramid St Michael Management LLC,""
Pyramid Tampa Bay Management LLC,""
Pyramid Tempe II Management LLC,""
Pyramid Virginia Management LLC,""
Pyramid Waltham Management LLC,""
Pyramid Wisconsin Dells Management LLC,""
Pyramid Zarzal Club Management LLC,""
Pyramid Zarzal Management LLC,""
Q2J Japan - Q2Solutions,""
QAUS FMC Corporation - Corporate,""
QRIE FMC Agro Ireland Limited,""
QRPH FMC Switzerland II GmbH -Manila ROHQ,""
Quasi-Independent Agencies,""
Quick Hire Staffing,""
RA Ctrl Solutions Harbin (CHN),""
Radiant,radiant.co
Radiometer Limited,""
"Ragnar Benson, LLC",""
Rappi Technology Brazil (Turbo),""
Rappi Technology Colombia,""
Rappi Technology Peru (Turbo),""
"RCI-147 RCI Hudson de Mexico, S. de R.L. de C.V.",lmana.com
RCI Brasil Prestaçãode Serviços de Intercâmbio Ltda.,""
"RCI Latinoamerica, S.A.",""
"RCI, LLC",""
RC Willey,rcwilley.com
RC Willey Home Furnishings,rcwilley.com
RCX Sports,""
RE02 MDLZ FR Ocean Indien,""
RE1025 LM Wind Power Blades (Canada) Inc.,""
ReachCentrum,""
Real REMAX Group,realremaxgroup.com
Re:Build Manufacturing,""
Redder Asia Advertising Joint Stock Company,""
Rede D'Or,""
Redo,""
Reed Technology and Information Services LLC Company,""
REEF,""
Regeneron Canada Company,""
Regeneron France SAS,""
Regeneron Genetics Center (USA),""
Regeneron GmbH,regeneronpro.uk
"Regeneron Healthcare Solutions, Inc (USA)",""
Regeneron India Private Limited,""
Regeneron Ireland,""
Regeneron Italy S.r.l.,""
Regeneron Japan KK,""
Regeneron NL B.V.,""
Regeneron Spain S.L.U.,""
Regeneron UK Limited,""
Regional Transportation District,""
Regions Financial (Regions Bank),""
Regions Investment Services,""
REI (Recreational Equipment Inc.),rei.jobs
Reka,""
Reliant at Home,""
RELX Inc. Company,""
RELX India (Pvt) Ltd L&P div Company,""
RELX Middle East FZ-LLC Company,""
RELX Trading Australia Pty Limited Company,""
Renaissance Las Vegas Hotel,""
Renaissance Meadowlands,""
Renaissance New York Times Square Hotel,""
Resend,resend.dev
Residence Inn Altamonte Springs,""
Residence Inn Binghamton,""
Residence Inn Birmingham,""
Residence Inn Bloomingdale,""
Residence Inn Cherry Hill,""
Residence Inn Deptford,""
Residence Inn Exton,""
Residence Inn Franklin,""
Residence Inn Houston Westchase,""
Residence Inn Isla Verde,""
Residence Inn Lynnwood,""
Residence Inn Morgan Hill,""
Residence Inn Ohare/Rosemont,""
Residence Inn Ontario,""
Residence Inn Potomac Mills,""
Residence Inn Richmond,""
Residence Inn Salem,highgate.com
Residence Inn San Jose,""
Resolute Health Hospital,""
Resort Management by Travel and Leisure Pty Ltd/ACN 099 634 830 / Wyndham Destinations,""
Retirement Villages Group,""
RhynoCare,""
Riachuelo,""
Richland County,""
"Richlee Van, Inc.",""
"RICHMOND SANITARY SERVICE, INC.",""
RIH Rhode Island Hospital,""
Rijeka Gateway d.o.o,""
Rio Tinto (Kennecott),""
Rising Academies,""
Rittal LLC,""
Riverflex,""
"RIVER RECYCLING, LLC",""
Riverview Psychiatric Center,""
R+L Carriers,""
RMX Region Mail Express,""
Ro,""
RO03 (FCRS = RO003) Novartis Pharmaceuticals S.R.L,""
RO03 MDLZ Romania,""
RO31 MDLZ RO Service,""
RO50 Mondelēz Romania Snacks Production SRL.,""
RoadRunner Recycling Inc.,""
Roaring Fork Transportation Authority,""
Robert W. Baird & Co. Incorporated,""
Robert W. Baird Group Limited,""
"Rocket Travel, Inc.",""
Rock Hill Hosp PMN,""
Rocky Mountain Laboratories LLC,""
Rocky Mountain University of Health Professions,""
Rod McLellan Company,""
Roe AI,""
ROK Hotel,""
Ross Stores,""
Royal Canin Belux,mars.com
Royal Park Hotel,""
RPL IQVIA RDS (India) Private Limited,iqvia.com
"R.R. Cassidy, Inc.",rrcassidy.com
RSM Canada LLP,""
RSM Canada Operations ULC,""
RSM US Integrated Services India Private Limited,""
RSM US LLP,""
"RSM US SV, Ltda. De C.V. (El Salvador)",""
RTX (Collins Aerospace),""
RUC 20522359956 Fisher Clinical Services Peru S.R.L.,""
RU Roseman University of Health Sciences,""
Ryan CPA Professional Corporation,""
Ryan Legal Services PLLC,""
Ryan Norway AS,""
Ryan Property Tax Services UK Limited,""
Ryan Tax Services UK Limited,""
Ryan ULC,""
SA04 MDLZ Saudi Arabia,""
"Saber Fitness Bellflower, LLC",""
"Saber Fitness Costa Mesa, LLC",""
"Saber Fitness Covina, LLC",""
"Saber Fitness Jurupa, LLC",""
"Saber Fitness Murietta, LLC",""
"Saber Fitness Perris, LLC",""
"Saber Fitness Rancho Cucamonga, LLC",""
"Saber Fitness San Bernardino, LLC",""
"Saber Fitness Saratoga, LLC",""
"Saber Fitness Temecula, LLC",""
Safety Bus Service,""
Sago Mini,""
SAH Brown University Health Fall River,""
SAIIA,""
SailPoint,sailpoint.io
SailPoint Tech India Private,""
SailPoint Technologies fz-llc,sailpoint.io
SailPoint Technologies Japan,sailpoint.io
SailPoint Technologies Korea Limited,sailpoint.io
SailPoint Technologies UK Ltd,sailpoint.io
SailPoint Tecnologia Spain S.L.,sailpoint.io
Saint Francis Hospital - Bartlett,""
Saint Francis Hospital - Memphis,""
Saint Luke's Health System (Kansas City),""
Saint Luke's Hospital,""
Saint Vincent Health Center,svhs.org
Saint Vincent Hospital,""
"Saint Vincent Physician Services, Inc",""
Sales and Marketing,q5.marketing
Salt Lake Marriott Downtown at City Creek,""
Sam Houston Race Park,""
Sana Labs Ltd.,""
Sandy City,""
San Francisco Giants,""
San Francisco (Growth) - Highgate Hotels,""
San Jose Evergreen Community College District,""
San Ramon Regional Medical Center,""
Saudi Arabia: MC Arabia Information Technology,""
SBTech Global,""
SBT (Sistema Brasileiro de Televisão),""
Scaled Cognition,""
"SCC UPS SCS, Inc.",""
School Efficiency Company LLC,""
School in the Square,""
School of Health Professions,""
Schreiber Czech Republic s.r.o.,""
SCOTTISHPOWER ENERGY RETAIL LIMITED,""
Scotts Canada Ltd.,""
Scotts Manufacturing Co,""
Scripps Broadcasting Holdings LLC,""
"Scripps Media, Inc.",""
Scripps Shared Services Company,""
SE00 Agilent Technologies Sweden AB,""
SE01 SWE Fresenius Medical Care Sverige AB,""
SE31 MDLZ Sverige Service AB,""
SE50 MDLZ Sverige Prod AB,""
SEARHC (Southeast Alaska Regional Health Consortium),""
Seattle Growth - Highgate Hotels,""
SeaWorld Entertainment,""
Sea World LLC,""
Sea World Of Florida LLC,""
Sea World of Texas LLC,""
Secretary of State,""
secure7.saashr.com,""
Securian Financial Group,""
Seesaw,""
#SejaSBT,""
"SenDx Medical, Inc.",""
Seoul Robotics,""
"Service Finance Company, LLC",truistmanagedfdns.org
"Service Net Warranty, LLC",""
Service Technologies GmbH & Co OG,""
SG00 Agilent Technologies Singapore,""
SG07 Mdlz Int’l AMEA Pte Ltd,""
SG45 DXC Technology Services Singapore Pte. Ltd,dxc.com
SGMK Shell C & T Pte Ltd,""
SGP 3M Innovation Singapore Pte. Ltd.,""
SGP KCI Medical Asia Pte. Ltd.,""
Sheraton Brookhollow,""
Sheraton Lake Buena Vista,""
Sheraton Music City,""
Sheraton Pentagon City,""
"Short-Elliott-Hendrickson, Incorporated",""
SidelineSwap,""
Sigma Computing,""
Sigma Defense,""
SIKORA GmbH,""
SIMPAR,""
SimPL Freight Solutions,""
Sinclair Broadcast Group,""
SINOP CME Group Singapore Operations Pte Ltd.,""
SIO Logistics,""
Sioux Center Health,""
SK06 MDLZ Slovak-EBSC,""
SK31 MDLZ SK Service GmbH,""
Skechers Chile,""
SKES DXC Technology Slovakia s.r.o,dxc.com
"Skip Hop, Inc.",""
SKL SK Logistics Investment Limited Liability Company,""
Sky Handling Partner,""
SKYTREE,""
"SL15 Saint Luke's Neighborhood Clinics, LLC",""
SLELS Saint Luke's East Hospital,""
SLH Saint Luke's Hospital of Kansas City,""
Slide Insurance,""
"SLMG Saint Luke's Physician Group, Inc.",""
SLNH Saint Luke's North Hospital,""
SLR International Corporation,""
"SLS Saint Luke's South Hospital, Inc.",""
"Smucker Foodservice, Inc.",""
"Smucker Innovation, Inc.",""
"Smucker Retail Foods, Inc.",""
SNC-Lavalin Arabia Co. Ltd. (L.L.C.),""
SNC-Lavalin Egypt LLC,""
SNC-Lavalin Gulf Contractors L.L.C.,""
SNC-Lavalin Profac Gulf Management L.L.C.,""
SOFMEDICA,""
SOLANO GARBAGE COMPANY,""
"Soleil Management, LLC",""
Solitude Mountain Ski Area LLC,""
Sol Systems,solsystems.com
Sonesta International Hotels,""
Soni,""
Sonoco Metal Packaging Germany GmbH,""
"Sonoco Metal Packaging, LLC",""
Sony Biotechnology Inc.,""
Sony Corporation of America,""
Sony Electronics Inc,""
Sony Electronics (Singapore) Pte. Ltd.,""
Sony Electronics Vietnam Company Ltd,""
"Sony Engagement Platform Services, LLC",""
"Sony Europe BV, Hungary Branch",""
"Sony Europe BV, United Kingdom",""
"Sony Europe Limited, Belgium Branch",""
"Sony Europe Limited, France Branch",""
"Sony Europe Limited, Norway Branch",""
Sony Music Publishing Argentina S.R.L.,""
Sony Music Publishing (US) LLC,""
Sony Philippines Inc,""
South Barrie Fitness LP,""
"South Blanding Fitness, LLC",""
SouthEast Alaska Regional Health Consortium,""
Southeast Community College (Nebraska),""
Southern Electric Corporation,""
Southern Poverty Law Center,""
SouthWestern Electric Power Co,""
"SP22 ESP FMC Services Catalunya, S.L.",""
"SP24 ESP Dialbilbo, S.L.",""
Sparck Technologies B.V.,""
Specialty Distribution Group LLC,""
"Spectrolab, Inc.",""
Spectrum Networks,""
Sports Connection ApS,""
Springboard Roles,""
Springhill Suites Las Vegas Convention Center,""
SpringHill Suites Pittsburgh,""
Spring Oak Senior Living,""
"SSB002 SOUTHSTATE BANK, NATIONAL ASSOCIATION",""
"Staff BHS Physician Network, Inc",""
Staffing for Doctors,""
Staff VHS Physicians of Michigan,""
Stake (Australian brokerage),""
Stanford Court Hotel,""
Stanley Black & Decker (Hellas) EPE,""
"Stanley Black & Decker Iberica, S.L.",""
Stanley Black & Decker MEA FZE,""
StartupTAP,""
State Bank of Southern Utah,""
State of Oklahoma,""
State of Oregon Military Department,""
statworx,""
Steamboat Ski & Resort Corporation,""
S-Tec Corporation,""
STELLANTIS AVTEC POWERTRAIN INDIA PRIVATE LIMITED,""
STELLANTIS ENGINEERING INDIA PRIVATE LIMITED,""
STELLANTIS GURUN (MALAYSIA) SDN. BHD.,""
STELLANTIS TECHNOLOGY CENTRE INDIA PRIVATE LIMITED,""
"Sterigenics EO Canada, Inc.",""
"Sterigenics U.S., LLC",""
Sterling Jewelers Inc.,""
"Stevens Creek Motors, Inc.",""
St. Francis Physician Network,""
Stio,""
St. Mary's Medical Center,""
Stone - Linkedin,""
Stone (StoneCo),""
Strategic Advisers LLC,""
Strava,strava.com
Stride (K12),""
STR Japan,""
"Stryker Far East Inc., Taiwan Branch",""
Studio Allston Hotel,""
"Suffolk County, NY",""
"Superior Products, LLC",""
Sustainable Talent,""
Sutter Coast Hospital,suttercoast.org
Sutter Valley Medical Foundation,srmf.com
"SWBG Orlando Corporate Operations Group, LLC",""
SWE 3M Svenska Aktiebolag,""
SwiftX,""
SWOT Hospitality Management Company,""
Syneos Health Austria GmbH,""
SZ03 Chapelat Swaziland (PTY) LTD,""
Taiwan Dentsu Inc.,""
takepayments Ltd,""
"Take-Two Interactive Software, Inc.",""
Tapatio Springs Hill Country Resort,""
"Tapestry, Inc.",shoptapestryinc.com
TAP The Autism Project,""
"TAYMAN INDUSTRIES, INC.",taymaninc.com
"Taymax Canada Management Services, Inc.",""
"Taymax HQ, LLC",""
Taymax (Planet Fitness franchisee),""
"TCA TABC, Inc. Company",""
TCC Toyota Motor Credit Corporation Company,""
TCN,""
TD SYNNEX Corporation,tdsynnex.com
Teach For All,teachforall.org
Team Accessories Limited dba Moog MRO Services,moog.de
"Techform, a Division of Magna Closures Inc.",""
Technology Service Corporation,""
Tegma Gestão Logística,""
TEI BIOSCIENCES INC,""
Telstra International Limited,""
Temple Square Hospitality Corporation,""
TENET,""
Tenet Florida Physician Services,""
Tenet Regional Resource Pool,""
Terminal 4 S.A.,""
"Teton Outfitters, LLC",""
Texas Children,""
Texas Children's,""
Texas Executives,""
Texas Staff HQ,""
TFB Toyota Financial Savings Bank Company,""
TForce Freight,""
TH02 Mondelez Thailand Ltd.,""
TH03 Mondelez INTL (Thailand),""
THA Solventum (Thailand) Limited,""
The Barnett,""
The Bellevue Hotel,""
The Bleeding Fingers Custom Music Shop LLC,""
"The Borgata Hotel Casino and Spa, LLC",""
The Coca-Cola Company,""
The Common Market,""
The Cosmopolitan Of Las Vegas,""
The County of Galveston,""
The Courtland Grand,""
The Crescent Hotel Fort Worth,""
The Electromac Group,""
The Elser Hotel & Residences,""
The Elser Hotel & Residences - Miami,""
The Florida Panthers,""
The Folger Coffee Company,""
the goodtime hotel,""
The Gwen Chicago,""
The Hospitals of Providence - East Campus,""
The Hospitals of Providence - Memorial Campus,""
The Hospitals of Providence - Sierra Campus,tenethealth.com
The Hospitals of Providence - Trans Mountain Campus,""
The Hotel Colonnade,""
The Hotel Ivy,""
The Jay,""
The J. M. Smucker Company,""
The Joule,""
The Michelangelo Hotel,""
The Muse New York,""
The National Football League,""
The New Yorker Hotel,""
The Paley Institute,""
The Pew Charitable Trusts (USA),""
The Pokémon Company International,""
The Premier League,""
The Riverfront Hotel,""
"ThermalNetics, Inc",""
"Thermosystems, LLC",""
The San Francisco Compute Company,""
The Scotts Company LLC,""
"The Signature Condominiums, LLC",""
The Sun Rose,""
The Timbri,""
"The Vanguard Group, Inc.",vanguardfmgroup.com
The Westshore Grand,""
The Whitley,""
The William Carter Company,""
The Woodlands Resort,""
Third Bridge,""
THOP,thopassessoria.com.br
Thrive (managed IT / cyber / cloud MSP),""
Thrive Market,thrivemarketjobs.com
Thunder Bay Fitness LP,""
Ticketmaster Schweiz AG,""
"Tidal Tank, Inc.",""
"Tifton Fitness, LLC",""
TIMETOACT Group,""
Timmins Square Fitness LP,""
Tines,tines.com
"TIN Toyota Motor Mfg Indiana, Inc Company",""
TIS Toyota Motor Insurance Services Company,""
"TKY Toyota Motor Mfg Kentucky, Inc Company",""
TMH The Miriam Hospital,""
TMN Toyota Motor North America Company,""
"T-MOBILE PUERTO RICO, LLC",""
"T-Mobile USA, Inc.",""
TMP Toyota Motor Mfg Mississippi Company,""
"TMS Toyota Motor Sales, USA, Inc. Company",""
"TNA Toyota Motor Engineering & Manufacturing North America, Inc. Company",""
TNC Toyota Battery Mfg North Carolina Company,""
Tokio Marine Europe S.A. (TME),""
tonies GmbH,""
Top Hat,""
Topsail St. Johns Fitness LP,""
Torrance Refining Company LLC,""
Total Maintenance Corp,""
Totara Learning Solutions,""
Town & Country Animal Hospital,""
TownePlace Suites Springfield,""
TPR/CPM Staff,""
TR03 Kent TR,""
TR04 Mondelēz Turkey Food Production A.Ş.,""
Tractor Supply (low confidence),""
Traeger Grills,""
Trafilea,""
Trainline,trainlinegroup.com
"Transformational Health Network, Inc.",""
TransGrid Energy,""
TRANSITNEXT M&R INC.,""
Travel and Leisure Australia Pty Ltd,""
Travel and Leisure Japan Ltd,""
Travel Information Council,""
TravelLab Africa Group,""
Travel + Leisure Co. (Wyndham),""
Travel + Leisure Global Support Services (Philippines) Inc.,""
Travel Leisure Resort Development Inc,""
TRD Toyota Racing Development Company,""
"Treatment Centers Hold Co, LLC",""
Tribune Media Company,""
Tricoci University,""
"Tri-State Generation and Transmission Association, Inc.",""
Tru by Hilton Orlando Convention Center,""
"True North Urgent Care, LLC",""
True Platform,""
Truist,""
Truist CIG LLC,truistmanagedfdns.org
"Truist Community Capital, LLC",truistmanagedfdns.org
"Truist Investment Services, Inc.",""
Truist Securities,""
Trustees of University of Pennsylvania,""
"TSYS Merchant Solutions, LLC",""
"TTX Toyota Motor Mfg. Texas, Inc. Company",""
Tucson Phys Group,""
Tucson Physician Group Holdings,""
Tupy,""
TW01 Elanco (Taiwan) Animal He,""
TWCC Product Devel + Sales,""
TWES EIT Services Taiwan Co. Ltd.,dxc.com
TWN 3M Taiwan Ltd.,""
"TWN Solventum Taiwan Co., Ltd.",""
TXP,""
TX Sports Med & Ortho Group,""
U001 Mondelez Global LLC,""
U025 IC Great Brands LLC,""
U031 Mondelez Intl Service,""
U997 Hu Products USA,""
UA02 MDLZ Ukraine,""
UBC The University of British Columbia,""
UCO United Parcel Service Co.,""
"Ugam Solutions, Inc",""
Ugam Solutions Private Limited,""
Uintah Basin Technical College,""
Uisce Éireann,""
UK AAG Alliance Automotive UK CV Ltd,""
UK AAG Alliance Automotive UK Ltd,""
UK AAG Alliance Automotive UK LV Ltd,""
UK AAG Ferraris Piston Service Ltd,""
UKH University of Kansas Hospital Authority,""
Ukio,""
UKP University of Kansas Physicians,""
Ultimedia E-Solutions Private Limited,""
UMB BANK NA,""
UMB FINANCIAL CORPORATION,""
UMB FUND SERVICES INC,""
UMB Private Wealth Management LLC,""
UNAVAILABLE,autenticalamichoacana.com
UNC-Chapel Hill,""
Underdog,""
Unicred,""
Union Gas Limited,""
Union Maritime,""
Uniswap Labs,""
Unit,""
United Concrete,""
United Insurance Company of America,kemperhsc.com
United Kingdom Avis Budget Services Limited,""
United Taconite LLC,""
University of Chicago,""
University of Edinburgh,""
University of Tennessee,""
University of Tulsa,""
University of Utah,""
Unnest,""
UN World Food Programme,""
UOB (United Overseas Bank),""
UOH UPS Inc (Ohio),""
UpDoc,""
"UpToDate, Inc.",u2d.com.br
US00 Agilent Technologies Inc,""
"US01 Agilent Technologies, Inc.",""
US03 Agilent Technologies Inc.,""
"US1120 FreshPoint San Francisco, Inc.",""
"US3081 Sygma Carolina (The Sygma Network, Inc)",""
US34 Glad Manufacturing Company,""
US51 Clorox Services Company,""
USA018 Thomson Reuters Holdings Inc.,thomsonreuters.com
USA 3M Company,""
USA 3M Innovative Properties Company,""
"USA 3M Technical Ceramics, Inc.",""
USA7 DXC Technology Services LLC,dxc.com
USA Aearo Technologies LLC,""
"US Aggregates, LLC",""
USA GPC Genuine Parts Company,""
USA MOT AST AST Bearings,""
"USA MOT Motion Industries, Inc.",""
USA Oxy USA Inc,""
"USA Solventum Health Information Systems, Inc.",""
USA SOLVENTUM MANAGEMENT LLC,""
USA SOLVENTUM US LLC,""
US Offices & Unit,morganlewis.com.au
Utah First Credit Union,""
Utah State Courts,""
Utdgohcm,""
UVM Health Porter Medical Center,""
UWEAU University of Wisconsin Eau Claire,""
UWGBY University of Wisconsin Green Bay,""
UWLAC University of Wisconsin La Crosse,""
UWMSN University of Wisconsin Madison,""
UWOSH University of Wisconsin Oshkosh,""
UWPKS University of Wisconsin Parkside,""
UWPLT University of Wisconsin Platteville,""
UWRVF University of Wisconsin River Falls,""
UWSTO University of Wisconsin Stout,""
UWSTP University of Wisconsin Stevens Point,""
UWSUP University of Wisconsin Superior,""
UWSYS University of Wisconsin System Administration,""
UWWTW University of Wisconsin Whitewater,""
Vail Resorts,vailresortscareers.com
Valency Systems Inc.,valency.io
"Vallejo East Fitness, LLC",""
Valley Baptist Emergency Center,""
Valley Baptist Market,""
Valley Baptist Medical Center - Brownsville,""
Valley Baptist Medical Center - Harlingen,""
"Vantage Capital Circle, LLC",""
Vapi,vapi.ai
VCLSGP VersaCold Logistics Services GP Limited,""
"Vdara Condo Hotel, LLC",""
VE24 Mondelez VZ CA,""
Vedacit,""
VEG ER for Pets,""
Venafi EOOD,""
Veolia Brasil,""
"Verizon BR Operating, LLC",""
Veterinary Emergency Group (VEG),""
Viceroy Chicago,""
Viltechmeda UAB,moog.de
Vitana Pediatric & Orthodontic Partners,""
Viterra (Bunge),""
Vivo (Telefônica Brasil),""
VN02 Mondelez Kinh Do Vietnam,""
VN03 North KinhDo OneMember Co,""
VNM 3M Vietnam Ltd.,""
VNM Solventum Vietnam LLC,""
Vox Media Group,""
"Warn Automotive, LLC",""
Water Resources Department,""
Waukesha Bearings Corporation,""
"Waycross Fitness, LLC",""
Waymo,withwaymo.com
Waymore's Guest House,""
WCI Williams Controls India Private Limited,""
"Weatherby Locums, Inc.",""
WECO Wilbur-Ellis Company LLC,""
WEG,weg.net
"WEH2 Wilbur-Ellis Holdings II, LLC",""
Weight Watchers,weightwatchers.ie
Weill Cornell Medicine,""
Welo Global,""
Wentworth Restaurant Inc,""
West Africa Container Terminal Nigeria Ltd.,""
West Boca Medical Center,""
Westdale Mall Fitness LP,""
Western Aircraft,""
Western Alliance Bank,""
"Western Alliance Trust Company, NA",""
Western World Insurance Company,""
Westgate NYC Central,""
Westin Annapolis,""
Westin Atlanta Perimeter,""
Westin at the Woodlands,""
Westin Baltimore,""
Westin Beach Resort Fort Lauderdale,""
Westin Buckhead Atlanta,""
Westin Cleveland,""
Westin Dallas Stonebriar,""
Westin Grand Central,""
Westin Las Vegas,""
Westin Minneapolis,""
Westin Pasadena,""
Westin Poinsett,""
"Westin Riverwalk, San Antonio",""
Westin San Francisco Airport,""
Westin Tampa Waterside,""
Westin Waltham,""
Westminster University (UT),""
Westover Hills Baptist Hospital,""
"Westside Fitness, LLC",""
"West Side Plaza Fitness, LLC",""
West Valley-Mission Community College District,""
Westwing,""
WGNSTAR,wgnstar.com
WGU Academy,""
WGU Corporation,wgu.org
WGU Labs,""
Whataburger,""
Wheeling Power Company,""
WHI Chandler Management LLC,""
WHI Cincinnati Downtown Management LLC,""
WHI Clearwater Beach Management LLC,""
WHI Lytle Park Management LLC,""
"White Road Fitness, LLC",""
Whittier Health Network,""
WIC Weed Instrument Co Inc,""
"Williamson Ranch Fitness, LLC",""
Willis Re Inc,""
Willis Re (UK) Limited,""
"Wilson Sonsini Goodrich & Rosati, Professional Corporation",""
"Windsor Modules, a division of Magna Closures Inc.",""
Wing Assistant,wingassistant.com
Wintermute,""
WithCoverage,withcoverage.com
WM,""
WMH Saint Luke's Hospital of Trenton,""
W. M. Keck Observatory,""
Wolters Kluwer Deutschland GmbH,""
Wolters Kluwer Tax and Accounting Limited,""
Wood,""
"Woodland Fitness, LLC",""
"Woodward Fitness, LLC",""
workable/upsmith-1,""
Workday B.V.,""
Workday Costa Rica S.R.L.,""
Workday Denmark ApS,""
Workday Espana SL,""
Workday France,""
Workday GmbH (Euro),""
"Workday Government, LLC",""
Workday India Private Limited,""
Workday Israel Ltd,""
Workday K.K.,""
Workday Mexico S. de R.L. de C.V.,""
Workday (NZ) Unlimited,""
Workday Polska sp. z o.o,""
Workday Singapore Pte. Ltd.,""
Workday Sweden Aktiebolag,""
Workday (UK) Limited,""
WORKERBASE,""
workforcenow.adp.com,""
Workiva Germany GmbH,""
Workstream,workstream.us
Workstream (hourly hiring platform),""
WorldMark by Wyndham (NZ) Limited CN 1590641,""
Worldpay Do Brasil Processamento De Pagamentos Ltda,""
Worldpay (HK) Limited,""
Worldpay India Pte Ltd,""
WorldPay KK,""
Worldpay Marketing Consulting (Shanghai) Co. Ltd,""
WorldPay Pte Ltd (WPG),""
Worldpay Pty Limited (SPS),""
Worldpay Technology Bucharest S.R.L,""
Worldpay (UK) Limited,""
Worldwide Clinical Trials d.o.o.,""
Worldwide Clinical Trials S.r.I.,""
"World Wrestling Entertainment, LLC",""
"WRIGHT INDUSTRIES, LLC",""
Wrigley India Private Ltd,mars.com
WS Atkins International General Contracting Company,""
WS Atkins & Partners Overseas Engineering Consultants,""
WSP,wspgroup.co.uk
WTW,""
WW_AU - WeWork Australia Pty Ltd,""
W.W. Clyde,""
WWF UPS Worldwide Forwarding Inc,""
www.rei.jobs,rei.jobs
Wyndham Consumer Finance Inc,""
Wyndham Grand Clearwater Beach,""
Wyndham Grand Orlando Resort Bonnet Creek,""
Wyndham Resort Development Canada Inc.,""
Wyndham San Diego,""
"Wyndham St Thomas, Inc",""
Wyndham Vacation Clubs South Pacific Ltd ACN 090 503 923 (Worldmark),""
"Wyndham Vacation Resorts, Inc",""
Wyndham Vacation Resorts (Thailand) Limited,""
XBOW,""
XITASO GmbH,""
Yalo Inc.,yalo.ai
YDUQS,""
Yorkgate Mall Fitness LP,""
Ypê,""
YSI Incorporated,""
"Yuba City Fitness, LLC",""
Yuba Community College District,""
YugabyteDB,""
Yum!,""
ZA01 (FCRS = ZA001) Novartis SA (Pty) Ltd.,""
ZA01 Immuno-Vet Services Pty.,""
ZA02 MDLZ South Africa,""
Zed,""
Zeit für Brot GmbH,""
ZEN,""
"ZHL Zillow Home Loans, LLC",""
"ZINC Zillow, Inc.",""
ZIND Zillow India Private Limited,""
"ZMEX Zillow Mexico, S. de R.L. de C.V.",""
Zócalo Health,""
Zoku,""
zollsoft GmbH,""
"Zonda Home Canada, Inc",""
"Zoom Communications, Inc.",zoomcommunications.biz
"Zuffa, LLC",""
ZVC Germany GmbH,""
